staircasee.thisTrialN,staircasee.stepSize,staircasee.intensity,thisRow.t,notes,piloting,trial.started,FIXATION.started,grating.started,key_resp.started,FIXATION.stopped,grating.stopped,trial.stopped,corrAns,tilt,key_resp_corr,staircasee.response,key_resp.rt,participant,session,date,expName,expVersion,psychopyVersion,frameRate,expStart,
0,2,10,0.02450140001019463,,False,0.0077080999908503145,0.02450140001019463,0.546612100006314,0.546612100006314,0.5573391999932937,0.8568641000019852,2.1171719999983907,left,-10,1,1,1.4440116999903694,dwiti adaptive staircase,001,2026-09-28_13h34.40.661,adaptive staircase exp,,2026.2.3,59.98476386569303,2026-09-28 13h34.40.724010 +0530,
1,2,8,2.1212750999839045,,,2.117349699983606,2.1212750999839045,2.6244777999818325,2.6244777999818325,2.6244777999818325,2.925006300007226,3.2247193999937735,right,8,1,1,0.5883864999923389,dwiti adaptive staircase,001,2026-09-28_13h34.40.661,adaptive staircase exp,,2026.2.3,59.98476386569303,2026-09-28 13h34.40.724010 +0530,
2,2,6,3.241056800005026,,,3.2251927999895997,3.241056800005026,3.740186699986225,3.740186699986225,3.740186699986225,4.039913099986734,4.508262999996077,right,6,1,1,0.7547317999997176,dwiti adaptive staircase,001,2026-09-28_13h34.40.661,adaptive staircase exp,,2026.2.3,59.98476386569303,2026-09-28 13h34.40.724010 +0530,
3,2,4,4.523718399985228,,,4.508801299991319,4.523718399985228,5.021406499989098,5.021406499989098,5.0402003999915905,5.322300500003621,5.7076603999885265,left,-4,1,1,0.6696719000174198,dwiti adaptive staircase,001,2026-09-28_13h34.40.661,adaptive staircase exp,,2026.2.3,59.98476386569303,2026-09-28 13h34.40.724010 +0530,
4,2,2,5.72287349999533,,,5.708214699989185,5.72287349999533,6.22221300000092,6.22221300000092,6.22221300000092,6.52167260000715,6.973185199982254,right,2,1,1,0.7387400000006892,dwiti adaptive staircase,001,2026-09-28_13h34.40.661,adaptive staircase exp,,2026.2.3,59.98476386569303,2026-09-28 13h34.40.724010 +0530,
5,2,1,6.988585899991449,,,6.973748499993235,6.988585899991449,7.488041800010251,7.488041800010251,7.50459480000427,7.787698000000091,8.17218279998633,left,-1,1,1,0.6709000999981072,dwiti adaptive staircase,001,2026-09-28_13h34.40.661,adaptive staircase exp,,2026.2.3,59.98476386569303,2026-09-28 13h34.40.724010 +0530,
6,2,1,8.18764530000044,,,8.172743100003572,8.18764530000044,8.687170099990908,8.687170099990908,8.687170099990908,8.986885999998776,9.287604899989674,right,1,1,1,0.5955745999817736,dwiti adaptive staircase,001,2026-09-28_13h34.40.661,adaptive staircase exp,,2026.2.3,59.98476386569303,2026-09-28 13h34.40.724010 +0530,
7,2,1,9.303311499999836,,,9.288124699989567,9.303311499999836,9.80273880000459,9.80273880000459,9.80273880000459,10.102530800009845,10.754005299997516,right,1,1,1,0.9479613000003155,dwiti adaptive staircase,001,2026-09-28_13h34.40.661,adaptive staircase exp,,2026.2.3,59.98476386569303,2026-09-28 13h34.40.724010 +0530,
8,1,1,10.7690939999884,,,10.754543499991996,10.7690939999884,11.26791160000721,11.26791160000721,11.26791160000721,11.567919499997515,12.068406799982768,right,1,0,0,0.7911323999869637,dwiti adaptive staircase,001,2026-09-28_13h34.40.661,adaptive staircase exp,,2026.2.3,59.98476386569303,2026-09-28 13h34.40.724010 +0530,
9,1,2,12.084112199983792,,,12.068946799990954,12.084112199983792,12.583880299993325,12.583880299993325,12.583880299993325,12.883483299985528,13.33456109999679,left,-2,1,1,0.7487164000049233,dwiti adaptive staircase,001,2026-09-28_13h34.40.661,adaptive staircase exp,,2026.2.3,59.98476386569303,2026-09-28 13h34.40.724010 +0530,
10,1,2,13.349907600000734,,,13.33512599999085,13.349907600000734,13.849529400002211,13.849529400002211,13.849529400002211,14.14944489998743,14.51665909998701,left,-2,1,1,0.6554621999966912,dwiti adaptive staircase,001,2026-09-28_13h34.40.661,adaptive staircase exp,,2026.2.3,59.98476386569303,2026-09-28 13h34.40.724010 +0530,
11,1,2,14.532101199991303,,,14.517196800006786,14.532101199991303,15.031865700002527,15.031865700002527,15.031865700002527,15.33165179999196,15.732471299997997,left,-2,1,1,0.6891162999963854,dwiti adaptive staircase,001,2026-09-28_13h34.40.661,adaptive staircase exp,,2026.2.3,59.98476386569303,2026-09-28 13h34.40.724010 +0530,
12,1,1,15.74790459999349,,,15.733017699996708,15.74790459999349,16.24731609999435,16.24731609999435,16.24731609999435,16.54689209998469,16.897638199996436,right,1,1,1,0.6376740999985486,dwiti adaptive staircase,001,2026-09-28_13h34.40.661,adaptive staircase exp,,2026.2.3,59.98476386569303,2026-09-28 13h34.40.724010 +0530,
13,1,1,16.913121599995065,,,16.89824249999947,16.913121599995065,17.413148799998453,17.413148799998453,17.413148799998453,17.712945100007346,18.113457400002517,left,-1,1,1,0.6955676999932621,dwiti adaptive staircase,001,2026-09-28_13h34.40.661,adaptive staircase exp,,2026.2.3,59.98476386569303,2026-09-28 13h34.40.724010 +0530,
14,0.5,1,18.129141799989156,,,18.11401210000622,18.129141799989156,18.611812399991322,18.611812399991322,18.629349700000603,18.911701800010633,19.528698599984637,right,1,0,0,0.9030672999797389,dwiti adaptive staircase,001,2026-09-28_13h34.40.661,adaptive staircase exp,,2026.2.3,59.98476386569303,2026-09-28 13h34.40.724010 +0530,
15,0.5,1.5,19.547864299995126,,,19.52924509998411,19.547864299995126,20.044387700007064,20.044387700007064,20.061046299990267,20.344198000006145,20.9281146999856,right,1.5,0,0,0.8702208999893628,dwiti adaptive staircase,001,2026-09-28_13h34.40.661,adaptive staircase exp,,2026.2.3,59.98476386569303,2026-09-28 13h34.40.724010 +0530,
16,0.5,2.0,20.943356800009497,,,20.92869219998829,20.943356800009497,21.442616399988765,21.442616399988765,21.442616399988765,21.74208510000608,22.227620599995134,right,2.0,1,1,0.7781823999830522,dwiti adaptive staircase,001,2026-09-28_13h34.40.661,adaptive staircase exp,,2026.2.3,59.98476386569303,2026-09-28 13h34.40.724010 +0530,
17,0.5,2.0,22.242838600010145,,,22.228139599988936,22.242838600010145,22.742344400001457,22.742344400001457,22.758930099982535,23.042392200004542,23.425723099993775,left,-2.0,1,1,0.6763463000243064,dwiti adaptive staircase,001,2026-09-28_13h34.40.661,adaptive staircase exp,,2026.2.3,59.98476386569303,2026-09-28 13h34.40.724010 +0530,
18,0.5,2.0,23.441595899988897,,,23.426244600006612,23.441595899988897,23.940510699991137,23.940510699991137,23.957079299987527,24.241158999997424,24.75795329999528,right,2.0,1,1,0.8064619999786373,dwiti adaptive staircase,001,2026-09-28_13h34.40.661,adaptive staircase exp,,2026.2.3,59.98476386569303,2026-09-28 13h34.40.724010 +0530,
19,0.5,1.5,24.773728400003165,,,24.758540999988327,24.773728400003165,25.27319579999312,25.27319579999312,25.27319579999312,25.573175300000003,25.905232799996156,left,-1.5,1,1,0.6169254000124056,dwiti adaptive staircase,001,2026-09-28_13h34.40.661,adaptive staircase exp,,2026.2.3,59.98476386569303,2026-09-28 13h34.40.724010 +0530,
20,0.5,1.5,25.921421899984125,,,25.905654300004244,25.921421899984125,26.405752299993765,26.405752299993765,26.422311300004367,26.70542819998809,27.05640100000892,right,1.5,1,1,0.6432345999928657,dwiti adaptive staircase,001,2026-09-28_13h34.40.661,adaptive staircase exp,,2026.2.3,59.98476386569303,2026-09-28 13h34.40.724010 +0530,
21,0.5,1.5,27.072237899992615,,,27.05692010000348,27.072237899992615,27.57183139998233,27.57183139998233,27.57183139998233,27.871696299989708,28.288656699995045,left,-1.5,1,1,0.7090661999827716,dwiti adaptive staircase,001,2026-09-28_13h34.40.661,adaptive staircase exp,,2026.2.3,59.98476386569303,2026-09-28 13h34.40.724010 +0530,
22,0.5,1.0,28.30412419998902,,,28.289219800004503,28.30412419998902,28.80396610000753,28.80396610000753,28.80396610000753,29.103838099981658,29.604223900008947,left,-1.0,0,0,0.7985122000100091,dwiti adaptive staircase,001,2026-09-28_13h34.40.661,adaptive staircase exp,,2026.2.3,59.98476386569303,2026-09-28 13h34.40.724010 +0530,
23,0.5,1.5,29.619818200008012,,,29.604792500002077,29.619818200008012,30.119314699986717,30.119314699986717,30.119314699986717,30.419342799985316,30.869807399983983,left,-1.5,1,1,0.745351900026435,dwiti adaptive staircase,001,2026-09-28_13h34.40.661,adaptive staircase exp,,2026.2.3,59.98476386569303,2026-09-28 13h34.40.724010 +0530,
24,0.5,1.5,30.88522229998489,,,30.870368200005032,30.88522229998489,31.384756999992533,31.384756999992533,31.384756999992533,31.68457889999263,32.4685010999965,left,-1.5,1,1,1.0780014999909326,dwiti adaptive staircase,001,2026-09-28_13h34.40.661,adaptive staircase exp,,2026.2.3,59.98476386569303,2026-09-28 13h34.40.724010 +0530,
25,0.5,1.5,32.484127999981865,,,32.46905240000342,32.484127999981865,32.98355239999364,32.98355239999364,32.98355239999364,33.28332029999001,35.26665020000655,right,1.5,1,1,2.2790875999780837,dwiti adaptive staircase,001,2026-09-28_13h34.40.661,adaptive staircase exp,,2026.2.3,59.98476386569303,2026-09-28 13h34.40.724010 +0530,
26,0.5,1.0,35.28185199998552,,,35.26720159998513,35.28185199998552,35.781504099984886,35.781504099984886,35.781504099984886,36.080849399993895,37.0315108000068,right,1.0,0,0,1.2374104000045918,dwiti adaptive staircase,001,2026-09-28_13h34.40.661,adaptive staircase exp,,2026.2.3,59.98476386569303,2026-09-28 13h34.40.724010 +0530,
27,0.5,1.5,37.04719280000427,,,37.032089299988,37.04719280000427,37.54655040000216,37.54655040000216,37.54655040000216,37.8464304000081,38.29718110000249,right,1.5,1,1,0.7343199999886565,dwiti adaptive staircase,001,2026-09-28_13h34.40.661,adaptive staircase exp,,2026.2.3,59.98476386569303,2026-09-28 13h34.40.724010 +0530,
28,0.5,1.5,38.312232099997345,,,38.297708400001284,38.312232099997345,38.81243829999585,38.81243829999585,38.81243829999585,39.113191999989795,39.7456388999999,left,-1.5,1,1,0.9245600000140257,dwiti adaptive staircase,001,2026-09-28_13h34.40.661,adaptive staircase exp,,2026.2.3,59.98476386569303,2026-09-28 13h34.40.724010 +0530,
29,0.5,1.5,39.76139199998579,,,39.74619770000572,39.76139199998579,40.26099049998447,40.26099049998447,40.26099049998447,40.560952600004384,42.027308299992,right,1.5,0,0,1.7539135999977589,dwiti adaptive staircase,001,2026-09-28_13h34.40.661,adaptive staircase exp,,2026.2.3,59.98476386569303,2026-09-28 13h34.40.724010 +0530,
30,0.5,2.0,42.04278309998335,,,42.02784769999562,42.04278309998335,42.54252099999576,42.54252099999576,42.54252099999576,42.84235560000525,43.30988809998962,right,2.0,1,1,0.7543644999968819,dwiti adaptive staircase,001,2026-09-28_13h34.40.661,adaptive staircase exp,,2026.2.3,59.98476386569303,2026-09-28 13h34.40.724010 +0530,
31,0.5,2.0,43.32558450000943,,,43.31044470000779,43.32558450000943,43.824157499999274,43.824157499999274,43.84150949999457,44.12478260000353,44.84186519999639,left,-2.0,1,1,1.0068560999934562,dwiti adaptive staircase,001,2026-09-28_13h34.40.661,adaptive staircase exp,,2026.2.3,59.98476386569303,2026-09-28 13h34.40.724010 +0530,
32,0.5,2.0,44.85683400000562,,,44.84244089998538,44.85683400000562,45.35726099999738,45.35726099999738,45.35726099999738,45.65785610000603,46.6401077999908,right,2.0,1,1,1.2717139000014868,dwiti adaptive staircase,001,2026-09-28_13h34.40.661,adaptive staircase exp,,2026.2.3,59.98476386569303,2026-09-28 13h34.40.724010 +0530,
33,0.5,1.5,46.65558230000897,,,46.64067819999764,46.65558230000897,47.15478849998908,47.15478849998908,47.15478849998908,47.45536419999553,47.82331169999088,right,1.5,0,0,0.6659373000147752,dwiti adaptive staircase,001,2026-09-28_13h34.40.661,adaptive staircase exp,,2026.2.3,59.98476386569303,2026-09-28 13h34.40.724010 +0530,
34,0.5,2.0,47.83800560000236,,,47.823853799985955,47.83800560000236,48.33667419999256,48.33667419999256,48.353805199993076,48.63673450000351,49.120576099987375,left,-2.0,1,1,0.7758904999936931,dwiti adaptive staircase,001,2026-09-28_13h34.40.661,adaptive staircase exp,,2026.2.3,59.98476386569303,2026-09-28 13h34.40.724010 +0530,
35,0.5,2.0,49.13643720000982,,,49.1210269999865,49.13643720000982,49.63589889998548,49.63589889998548,49.63589889998548,49.93564839998726,50.370373699988704,left,-2.0,1,1,0.7310975000145845,dwiti adaptive staircase,001,2026-09-28_13h34.40.661,adaptive staircase exp,,2026.2.3,59.98476386569303,2026-09-28 13h34.40.724010 +0530,
36,0.5,2.0,50.38527850000537,,,50.370836199988844,50.38527850000537,50.884875099989586,50.884875099989586,50.884875099989586,51.18548909999663,51.603811000008136,left,-2.0,1,1,0.7082324999792036,dwiti adaptive staircase,001,2026-09-28_13h34.40.661,adaptive staircase exp,,2026.2.3,59.98476386569303,2026-09-28 13h34.40.724010 +0530,
37,0.5,1.5,51.61892189999344,,,51.60448089998681,51.61892189999344,52.1179403999995,52.1179403999995,52.134829899994656,52.41752630000701,52.8188048999873,right,1.5,1,1,0.686787299986463,dwiti adaptive staircase,001,2026-09-28_13h34.40.661,adaptive staircase exp,,2026.2.3,59.98476386569303,2026-09-28 13h34.40.724010 +0530,
38,0.5,1.5,52.833903999999166,,,52.819361100002425,52.833903999999166,53.33364299999084,53.33364299999084,53.33364299999084,53.63361829999485,54.23421490000328,right,1.5,1,1,0.893229400011478,dwiti adaptive staircase,001,2026-09-28_13h34.40.661,adaptive staircase exp,,2026.2.3,59.98476386569303,2026-09-28 13h34.40.724010 +0530,
39,0.5,1.5,54.25044949998846,,,54.234907200007,54.25044949998846,54.74940519998199,54.74940519998199,54.7660343000025,55.04979079999612,55.44978960001026,left,-1.5,1,1,0.6991033999947831,dwiti adaptive staircase,001,2026-09-28_13h34.40.661,adaptive staircase exp,,2026.2.3,59.98476386569303,2026-09-28 13h34.40.724010 +0530,
40,0.5,1.0,55.46518860000651,,,55.450372499995865,55.46518860000651,55.96479389999877,55.96479389999877,55.96479389999877,56.26469029998407,56.648671400005696,left,-1.0,1,1,0.6741962000087369,dwiti adaptive staircase,001,2026-09-28_13h34.40.661,adaptive staircase exp,,2026.2.3,59.98476386569303,2026-09-28 13h34.40.724010 +0530,
41,0.5,1.0,56.66408329998376,,,56.649196999991545,56.66408329998376,57.16360589998658,57.16360589998658,57.16360589998658,57.463430600007996,57.86462229999597,right,1.0,1,1,0.6950104999996256,dwiti adaptive staircase,001,2026-09-28_13h34.40.661,adaptive staircase exp,,2026.2.3,59.98476386569303,2026-09-28 13h34.40.724010 +0530,
42,0.5,1.0,57.87994459999027,,,57.86516250000568,57.87994459999027,58.37983349998831,58.37983349998831,58.37983349998831,58.6797232000099,59.0802018000104,left,-1.0,1,1,0.6826732000045013,dwiti adaptive staircase,001,2026-09-28_13h34.40.661,adaptive staircase exp,,2026.2.3,59.98476386569303,2026-09-28 13h34.40.724010 +0530,
43,0.5,1,59.095356600009836,,,59.0807710000081,59.095356600009836,59.59507089998806,59.59507089998806,59.59507089998806,59.89496400000644,60.3124378999928,left,-1,1,1,0.7058836000214797,dwiti adaptive staircase,001,2026-09-28_13h34.40.661,adaptive staircase exp,,2026.2.3,59.98476386569303,2026-09-28 13h34.40.724010 +0530,
44,0.5,1,60.32802929999889,,,60.312959900009446,60.32802929999889,60.82737690000795,60.82737690000795,60.82737690000795,61.12701769999694,61.52834260000964,right,1,1,1,0.6852248999930453,dwiti adaptive staircase,001,2026-09-28_13h34.40.661,adaptive staircase exp,,2026.2.3,59.98476386569303,2026-09-28 13h34.40.724010 +0530,
45,0.5,1,61.5436848999816,,,61.52891789999558,61.5436848999816,62.04398849999416,62.04398849999416,62.04398849999416,62.34324689998175,62.77687909998349,left,-1,0,0,0.7267227999982424,dwiti adaptive staircase,001,2026-09-28_13h34.40.661,adaptive staircase exp,,2026.2.3,59.98476386569303,2026-09-28 13h34.40.724010 +0530,
46,0.5,1.5,62.79258549999213,,,62.77746159999515,62.79258549999213,63.291995000006864,63.291995000006864,63.291995000006864,63.59193619998405,63.94141860000673,right,1.5,1,1,0.6429077999782749,dwiti adaptive staircase,001,2026-09-28_13h34.40.661,adaptive staircase exp,,2026.2.3,59.98476386569303,2026-09-28 13h34.40.724010 +0530,
47,0.5,1.5,63.95767380000325,,,63.941878899990115,63.95767380000325,64.45710999998846,64.45710999998846,64.45710999998846,64.75740740000037,64.94199729998945,left,-1.5,0,0,0.4836127999878954,dwiti adaptive staircase,001,2026-09-28_13h34.40.661,adaptive staircase exp,,2026.2.3,59.98476386569303,2026-09-28 13h34.40.724010 +0530,
48,0.5,2.0,64.9573499999824,,,64.94254139999975,64.9573499999824,65.45612220000476,65.45612220000476,65.45612220000476,65.75613629998406,66.59050500000012,right,2.0,1,1,1.1247530999826267,dwiti adaptive staircase,001,2026-09-28_13h34.40.661,adaptive staircase exp,,2026.2.3,59.98476386569303,2026-09-28 13h34.40.724010 +0530,
49,0.5,2.0,66.60608009999851,,,66.5910576999886,66.60608009999851,67.10548999998719,67.10548999998719,67.10548999998719,67.40520280000055,68.00630119998823,left,-2.0,0,0,0.893623000010848,dwiti adaptive staircase,001,2026-09-28_13h34.40.661,adaptive staircase exp,,2026.2.3,59.98476386569303,2026-09-28 13h34.40.724010 +0530,
50,0.5,2.5,68.0217047999904,,,68.0068890999828,68.0217047999904,68.52133349998621,68.52133349998621,68.52133349998621,68.82109660000424,69.25527809999767,right,2.5,1,1,0.719533199997386,dwiti adaptive staircase,001,2026-09-28_13h34.40.661,adaptive staircase exp,,2026.2.3,59.98476386569303,2026-09-28 13h34.40.724010 +0530,
51,0.5,2.5,69.270755799982,,,69.25584080000408,69.270755799982,69.77015609998489,69.77015609998489,69.77015609998489,70.0698926000041,70.50436459999764,left,-2.5,1,1,0.7324359000194818,dwiti adaptive staircase,001,2026-09-28_13h34.40.661,adaptive staircase exp,,2026.2.3,59.98476386569303,2026-09-28 13h34.40.724010 +0530,
52,0.5,2.5,70.51918209998985,,,70.5049183999945,70.51918209998985,71.018963599985,71.018963599985,71.018963599985,71.31875649999711,72.21981099998811,left,-2.5,0,0,1.199585099995602,dwiti adaptive staircase,001,2026-09-28_13h34.40.661,adaptive staircase exp,,2026.2.3,59.98476386569303,2026-09-28 13h34.40.724010 +0530,
53,0.5,3.0,72.2345467999985,,,72.22038529999554,72.2345467999985,72.73438519999036,72.73438519999036,72.73438519999036,73.03433699999005,73.58478390000528,left,-3.0,1,1,0.8430065000138711,dwiti adaptive staircase,001,2026-09-28_13h34.40.661,adaptive staircase exp,,2026.2.3,59.98476386569303,2026-09-28 13h34.40.724010 +0530,
54,0.5,3.0,73.60048259998439,,,73.58546619999106,73.60048259998439,74.10016800000449,74.10016800000449,74.10016800000449,74.41450579999946,74.88453290000325,right,3.0,1,1,0.7766004999866709,dwiti adaptive staircase,001,2026-09-28_13h34.40.661,adaptive staircase exp,,2026.2.3,59.98476386569303,2026-09-28 13h34.40.724010 +0530,
55,0.5,3.0,74.89934090001043,,,74.88507309998386,74.89934090001043,75.39826670000912,75.39826670000912,75.41473049999331,75.6987123999861,76.18300530000124,right,3.0,1,1,0.7803524000046309,dwiti adaptive staircase,001,2026-09-28_13h34.40.661,adaptive staircase exp,,2026.2.3,59.98476386569303,2026-09-28 13h34.40.724010 +0530,
56,0.5,2.5,76.19835140000214,,,76.18359490000876,76.19835140000214,76.69768330000807,76.69768330000807,76.69768330000807,76.99767929999507,77.54841689998284,left,-2.5,1,1,0.8334292999934405,dwiti adaptive staircase,001,2026-09-28_13h34.40.661,adaptive staircase exp,,2026.2.3,59.98476386569303,2026-09-28 13h34.40.724010 +0530,
57,0.5,2.5,77.56405089999316,,,77.54897319999873,77.56405089999316,78.06024150000303,78.06024150000303,78.0769609999843,78.35980730000301,78.74737939998158,left,-2.5,1,1,0.6767276000173297,dwiti adaptive staircase,001,2026-09-28_13h34.40.661,adaptive staircase exp,,2026.2.3,59.98476386569303,2026-09-28 13h34.40.724010 +0530,
58,0.5,2.5,78.76289600000018,,,78.74793849998969,78.76289600000018,79.26240159998997,79.26240159998997,79.26240159998997,79.5775369000039,79.99625900000683,right,2.5,1,1,0.7283316999964882,dwiti adaptive staircase,001,2026-09-28_13h34.40.661,adaptive staircase exp,,2026.2.3,59.98476386569303,2026-09-28 13h34.40.724010 +0530,
59,0.5,2.0,80.0120908000099,,,79.99678640000639,80.0120908000099,80.51144149998436,80.51144149998436,80.51144149998436,80.81101099998341,81.51205220000702,left,-2.0,1,1,0.9934244000178296,dwiti adaptive staircase,001,2026-09-28_13h34.40.661,adaptive staircase exp,,2026.2.3,59.98476386569303,2026-09-28 13h34.40.724010 +0530,
60,0.5,2.0,81.5269535999978,,,81.51258680000319,81.5269535999978,82.02667550000479,82.02667550000479,82.02667550000479,82.32625449998886,82.71058369998354,right,2.0,1,1,0.6799265000154264,dwiti adaptive staircase,001,2026-09-28_13h34.40.661,adaptive staircase exp,,2026.2.3,59.98476386569303,2026-09-28 13h34.40.724010 +0530,
61,0.5,2.0,82.7263638000004,,,82.71113769998192,82.7263638000004,83.22478650000994,83.22478650000994,83.2416610000073,83.52546780000557,83.85621199998423,left,-2.0,1,1,0.6274379000242334,dwiti adaptive staircase,001,2026-09-28_13h34.40.661,adaptive staircase exp,,2026.2.3,59.98476386569303,2026-09-28 13h34.40.724010 +0530,
62,0.5,1.5,83.87215549999382,,,83.85641159999068,83.87215549999382,84.35842709999997,84.35842709999997,84.37448179998319,84.65769930000533,85.17530299999635,right,1.5,1,1,0.8003600000229198,dwiti adaptive staircase,001,2026-09-28_13h34.40.661,adaptive staircase exp,,2026.2.3,59.98476386569303,2026-09-28 13h34.40.724010 +0530,
63,0.5,1.5,85.19087469999795,,,85.17582790000597,85.19087469999795,85.69034830000601,85.69034830000601,85.69034830000601,85.99005399999442,87.67307399999117,right,1.5,0,0,1.9685557000047993,dwiti adaptive staircase,001,2026-09-28_13h34.40.661,adaptive staircase exp,,2026.2.3,59.98476386569303,2026-09-28 13h34.40.724010 +0530,
64,0.5,2.0,87.68886689998908,,,87.67365109999082,87.68886689998908,88.18516799999634,88.18516799999634,88.20191219999106,88.48834439998609,88.8387953999918,right,2.0,1,1,0.6476548000064213,dwiti adaptive staircase,001,2026-09-28_13h34.40.661,adaptive staircase exp,,2026.2.3,59.98476386569303,2026-09-28 13h34.40.724010 +0530,
65,0.5,2.0,88.85454420000315,,,88.83934989999398,88.85454420000315,89.35389460000442,89.35389460000442,89.35389460000442,89.65296010000748,90.30488909999258,right,2.0,1,1,0.9451804000127595,dwiti adaptive staircase,001,2026-09-28_13h34.40.661,adaptive staircase exp,,2026.2.3,59.98476386569303,2026-09-28 13h34.40.724010 +0530,
66,0.5,2.0,90.32017799999448,,,90.30548439998529,90.32017799999448,90.81968529999722,90.81968529999722,90.81968529999722,91.11890159998438,91.50353369998629,right,2.0,1,1,0.6691891999798827,dwiti adaptive staircase,001,2026-09-28_13h34.40.661,adaptive staircase exp,,2026.2.3,59.98476386569303,2026-09-28 13h34.40.724010 +0530,
67,0.5,1.5,91.51878889999352,,,91.504199899995,91.51878889999352,92.01851219998207,92.01851219998207,92.01851219998207,92.31814129999839,92.88582860000315,right,1.5,1,1,0.860168600018369,dwiti adaptive staircase,001,2026-09-28_13h34.40.661,adaptive staircase exp,,2026.2.3,59.98476386569303,2026-09-28 13h34.40.724010 +0530,
68,0.5,1.5,92.90113499999279,,,92.88639860000694,92.90113499999279,93.40068849999807,93.40068849999807,93.40068849999807,93.70065640000394,94.168018700002,right,1.5,1,1,0.765981800010195,dwiti adaptive staircase,001,2026-09-28_13h34.40.661,adaptive staircase exp,,2026.2.3,59.98476386569303,2026-09-28 13h34.40.724010 +0530,
69,0.5,1.5,94.18335639999714,,,94.16857300000265,94.18335639999714,94.68326220000745,94.68326220000745,94.68326220000745,94.98258449998684,95.74999889999162,left,-1.5,1,1,1.0596519999962766,dwiti adaptive staircase,001,2026-09-28_13h34.40.661,adaptive staircase exp,,2026.2.3,59.98476386569303,2026-09-28 13h34.40.724010 +0530,
70,0.5,1.0,95.76529539999319,,,95.75056260000565,95.76529539999319,96.26508059998741,96.26508059998741,96.26508059998741,96.56471579999197,97.88140479999129,left,-1.0,1,1,1.6014794000075199,dwiti adaptive staircase,001,2026-09-28_13h34.40.661,adaptive staircase exp,,2026.2.3,59.98476386569303,2026-09-28 13h34.40.724010 +0530,
71,0.5,1.0,97.89693069999339,,,97.88217860000441,97.89693069999339,98.39690339998924,98.39690339998924,98.39690339998924,98.69651730000624,99.83004639999126,right,1.0,0,0,1.419989300018642,dwiti adaptive staircase,001,2026-09-28_13h34.40.661,adaptive staircase exp,,2026.2.3,59.98476386569303,2026-09-28 13h34.40.724010 +0530,
72,0.5,1.5,99.84578929998679,,,99.8306009999942,99.84578929998679,100.34491079999134,100.34491079999134,100.34491079999134,100.64453140000114,101.14534129999811,left,-1.5,0,0,0.7938276999921072,dwiti adaptive staircase,001,2026-09-28_13h34.40.661,adaptive staircase exp,,2026.2.3,59.98476386569303,2026-09-28 13h34.40.724010 +0530,
73,0.5,2.0,101.16111829999136,,,101.14590519998455,101.16111829999136,101.6605195000011,101.6605195000011,101.6605195000011,101.9602070999972,102.82749830000103,right,2.0,1,1,1.1564433999883477,dwiti adaptive staircase,001,2026-09-28_13h34.40.661,adaptive staircase exp,,2026.2.3,59.98476386569303,2026-09-28 13h34.40.724010 +0530,
74,0.5,2.0,102.8432618000079,,,102.82806699999492,102.8432618000079,103.34261200000765,103.34261200000765,103.34261200000765,103.65935699999682,104.4762258999981,left,-2.0,1,1,1.124373500002548,dwiti adaptive staircase,001,2026-09-28_13h34.40.661,adaptive staircase exp,,2026.2.3,59.98476386569303,2026-09-28 13h34.40.724010 +0530,
75,0.5,2.0,104.49179379999987,,,104.47679749998497,104.49179379999987,104.99098499998217,104.99098499998217,104.99098499998217,105.29080789998989,106.54092520000995,right,2.0,1,1,1.5421738000004552,dwiti adaptive staircase,001,2026-09-28_13h34.40.661,adaptive staircase exp,,2026.2.3,59.98476386569303,2026-09-28 13h34.40.724010 +0530,
76,0.5,1.5,106.55665730001056,,,106.54146919999039,106.55665730001056,107.0563400000101,107.0563400000101,107.0563400000101,107.355567599996,107.723201899993,left,-1.5,1,1,0.6546164999890607,dwiti adaptive staircase,001,2026-09-28_13h34.40.661,adaptive staircase exp,,2026.2.3,59.98476386569303,2026-09-28 13h34.40.724010 +0530,
77,0.5,1.5,107.73874629999045,,,107.72377409998444,107.73874629999045,108.2386550999945,108.2386550999945,108.2386550999945,108.53911159999552,108.97239929999341,left,-1.5,1,1,0.729955599992536,dwiti adaptive staircase,001,2026-09-28_13h34.40.661,adaptive staircase exp,,2026.2.3,59.98476386569303,2026-09-28 13h34.40.724010 +0530,
78,0.5,1.5,108.98789560000296,,,108.97292070000549,108.98789560000296,109.4870729999966,109.4870729999966,109.4870729999966,109.78721270000096,110.72213780001039,left,-1.5,1,1,1.2314508999988902,dwiti adaptive staircase,001,2026-09-28_13h34.40.661,adaptive staircase exp,,2026.2.3,59.98476386569303,2026-09-28 13h34.40.724010 +0530,
79,0.5,1.0,110.73686400000588,,,110.72271460000775,110.73686400000588,111.23610959999496,111.23610959999496,111.23610959999496,111.53592120000394,112.0695834000071,left,-1.0,1,1,0.8228501999983564,dwiti adaptive staircase,001,2026-09-28_13h34.40.661,adaptive staircase exp,,2026.2.3,59.98476386569303,2026-09-28 13h34.40.724010 +0530,
80,0.5,1.0,112.08506139999372,,,112.07010750001064,112.08506139999372,112.58516789998976,112.58516789998976,112.58516789998976,112.88480100000743,113.66858739999589,left,-1.0,1,1,1.069700499996543,dwiti adaptive staircase,001,2026-09-28_13h34.40.661,adaptive staircase exp,,2026.2.3,59.98476386569303,2026-09-28 13h34.40.724010 +0530,
81,0.5,1.0,113.68397099999129,,,113.66914139999426,113.68397099999129,114.18365409999387,114.18365409999387,114.18365409999387,114.48331280000275,115.01826240000082,left,-1.0,1,1,0.8311505999881774,dwiti adaptive staircase,001,2026-09-28_13h34.40.661,adaptive staircase exp,,2026.2.3,59.98476386569303,2026-09-28 13h34.40.724010 +0530,
82,0.5,1,115.03309849998914,,,115.01884519998566,115.03309849998914,115.53251230000751,115.53251230000751,115.53251230000751,115.83222549999482,117.04907710000407,left,-1,1,1,1.5020872000022791,dwiti adaptive staircase,001,2026-09-28_13h34.40.661,adaptive staircase exp,,2026.2.3,59.98476386569303,2026-09-28 13h34.40.724010 +0530,
83,0.5,1,117.0643322999822,,,117.04961089999415,117.0643322999822,117.56418039998971,117.56418039998971,117.56418039998971,117.86395339999581,118.4813298000081,right,1,0,0,0.9005995000188705,dwiti adaptive staircase,001,2026-09-28_13h34.40.661,adaptive staircase exp,,2026.2.3,59.98476386569303,2026-09-28 13h34.40.724010 +0530,
84,0.5,1.5,118.49670779998996,,,118.48190690000774,118.49670779998996,118.9975601999904,118.9975601999904,118.9975601999904,119.31308079999872,119.64670720000868,left,-1.5,0,0,0.639433900010772,dwiti adaptive staircase,001,2026-09-28_13h34.40.661,adaptive staircase exp,,2026.2.3,59.98476386569303,2026-09-28 13h34.40.724010 +0530,
85,0.5,2.0,119.66254369998933,,,119.64727069999208,119.66254369998933,120.14530090001062,120.14530090001062,120.16222179998294,120.4458050999965,120.97943559999112,left,-2.0,0,0,0.8236921000061557,dwiti adaptive staircase,001,2026-09-28_13h34.40.661,adaptive staircase exp,,2026.2.3,59.98476386569303,2026-09-28 13h34.40.724010 +0530,
86,0.5,2.5,120.99478879998787,,,120.98001609998755,120.99478879998787,121.49440389999654,121.49440389999654,121.49440389999654,121.79383479998796,122.17796420000377,right,2.5,1,1,0.672547800000757,dwiti adaptive staircase,001,2026-09-28_13h34.40.661,adaptive staircase exp,,2026.2.3,59.98476386569303,2026-09-28 13h34.40.724010 +0530,
87,0.5,2.5,122.19337960000848,,,122.17848919998505,122.19337960000848,122.69359720000648,122.69359720000648,122.69359720000648,122.99317239999073,124.00976919999812,left,-2.5,0,0,1.3073572000139393,dwiti adaptive staircase,001,2026-09-28_13h34.40.661,adaptive staircase exp,,2026.2.3,59.98476386569303,2026-09-28 13h34.40.724010 +0530,
88,0.5,3.0,124.02593329999945,,,124.01032850000774,124.02593329999945,124.52516279998235,124.52516279998235,124.52516279998235,124.82513159999507,125.0767690000066,left,-3.0,0,0,0.5480947000032756,dwiti adaptive staircase,001,2026-09-28_13h34.40.661,adaptive staircase exp,,2026.2.3,59.98476386569303,2026-09-28 13h34.40.724010 +0530,
89,0.5,3.5,125.09171269999933,,,125.07736799999839,125.09171269999933,125.59087739998358,125.59087739998358,125.59087739998358,125.89073439998901,126.45817339999485,right,3.5,1,1,0.8517125000071246,dwiti adaptive staircase,001,2026-09-28_13h34.40.661,adaptive staircase exp,,2026.2.3,59.98476386569303,2026-09-28 13h34.40.724010 +0530,
90,0.5,3.5,126.47364290000405,,,126.4587016000005,126.47364290000405,126.97237299999688,126.97237299999688,126.97237299999688,127.27320870000403,127.8902901999827,left,-3.5,1,1,0.9023209000006318,dwiti adaptive staircase,001,2026-09-28_13h34.40.661,adaptive staircase exp,,2026.2.3,59.98476386569303,2026-09-28 13h34.40.724010 +0530,
91,0.5,3.5,127.90572000000975,,,127.89087169998675,127.90572000000975,128.40502239999478,128.40502239999478,128.40502239999478,128.70490389998304,129.2221775999933,right,3.5,1,1,0.8079227000125684,dwiti adaptive staircase,001,2026-09-28_13h34.40.661,adaptive staircase exp,,2026.2.3,59.98476386569303,2026-09-28 13h34.40.724010 +0530,
92,0.5,3.0,129.23781669998425,,,129.2227511999954,129.23781669998425,129.73736579998513,129.73736579998513,129.73736579998513,130.03733719998854,130.43810450000456,right,3.0,1,1,0.6831000000238419,dwiti adaptive staircase,001,2026-09-28_13h34.40.661,adaptive staircase exp,,2026.2.3,59.98476386569303,2026-09-28 13h34.40.724010 +0530,
93,0.5,3.0,130.4536576999817,,,130.43866189999972,130.4536576999817,130.95296399999643,130.95296399999643,130.95296399999643,131.2528134000022,132.05343460000586,left,-3.0,1,1,1.0957479999924544,dwiti adaptive staircase,001,2026-09-28_13h34.40.661,adaptive staircase exp,,2026.2.3,59.98476386569303,2026-09-28 13h34.40.724010 +0530,
94,0.5,3.0,132.0689730999875,,,132.05397330000415,132.0689730999875,132.56872740000836,132.56872740000836,132.56872740000836,132.8684352999844,133.28572250000434,right,3.0,1,1,0.7079064000281505,dwiti adaptive staircase,001,2026-09-28_13h34.40.661,adaptive staircase exp,,2026.2.3,59.98476386569303,2026-09-28 13h34.40.724010 +0530,
95,0.5,2.5,133.30118419998325,,,133.28628289999324,133.30118419998325,133.80071750000934,133.80071750000934,133.80071750000934,134.10060440000962,134.86805600000662,left,-2.5,0,0,1.0600095000118017,dwiti adaptive staircase,001,2026-09-28_13h34.40.661,adaptive staircase exp,,2026.2.3,59.98476386569303,2026-09-28 13h34.40.724010 +0530,
96,0.5,3.0,134.88342339999508,,,134.86867100000381,134.88342339999508,135.38275829999475,135.38275829999475,135.38275829999475,135.68246849998832,136.35029999999097,right,3.0,1,1,0.9619607999920845,dwiti adaptive staircase,001,2026-09-28_13h34.40.661,adaptive staircase exp,,2026.2.3,59.98476386569303,2026-09-28 13h34.40.724010 +0530,
97,0.5,3.0,136.36534679998294,,,136.350827199989,136.36534679998294,136.8651627000072,136.8651627000072,136.8651627000072,137.1650873000035,137.7987310999888,right,3.0,1,1,0.915580399974715,dwiti adaptive staircase,001,2026-09-28_13h34.40.661,adaptive staircase exp,,2026.2.3,59.98476386569303,2026-09-28 13h34.40.724010 +0530,
98,0.5,3.0,137.8144706999883,,,137.7992893999908,137.8144706999883,138.3137868999911,138.3137868999911,138.3137868999911,138.6126830999856,139.04795839998405,left,-3.0,1,1,0.7174535999947693,dwiti adaptive staircase,001,2026-09-28_13h34.40.661,adaptive staircase exp,,2026.2.3,59.98476386569303,2026-09-28 13h34.40.724010 +0530,
99,0.5,2.5,139.0628674000036,,,139.04852809998556,139.0628674000036,139.56309409998357,139.56309409998357,139.56309409998357,139.8628641999967,140.21241659999941,right,2.5,1,1,0.6397604999947362,dwiti adaptive staircase,001,2026-09-28_13h34.40.661,adaptive staircase exp,,2026.2.3,59.98476386569303,2026-09-28 13h34.40.724010 +0530,
