staircase.thisTrialN,staircase.stepSize,staircase.intensity,thisRow.t,notes,piloting,trial.started,FIXATION.started,grating.started,key_resp.started,FIXATION.stopped,grating.stopped,trial.stopped,corrAns,tilt,key_resp_corr,staircase.response,key_resp.rt,participant,session,date,expName,expVersion,psychopyVersion,frameRate,expStart,
0,2,10,0.03632780001498759,,False,0.019426300015766174,0.03632780001498759,0.5340261000092141,0.5340261000092141,0.5534809000091627,0.8387028999859467,1.8026063999859616,left,-10,1,1,1.2488369999919087,dwit adaptive staircase,001,2026-09-10_15h19.06.598,adaptive staircase exp,,2026.2.3,59.99163717193894,2026-09-10 15h19.06.726045 +0530,
1,2,8,1.8191374000161886,,,1.803135599999223,1.8191374000161886,2.3037683999864385,2.3037683999864385,2.320423799974378,2.6030258999671787,2.8206607999745756,right,8,1,1,0.5130710999947041,dwit adaptive staircase,001,2026-09-10_15h19.06.598,adaptive staircase exp,,2026.2.3,59.99163717193894,2026-09-10 15h19.06.726045 +0530,
2,2,6,2.836454699980095,,,2.821133000019472,2.836454699980095,3.3364883000031114,3.3364883000031114,3.3364883000031114,3.635540099989157,4.120601699978579,right,6,1,1,0.7805469000013545,dwit adaptive staircase,001,2026-09-10_15h19.06.598,adaptive staircase exp,,2026.2.3,59.99163717193894,2026-09-10 15h19.06.726045 +0530,
3,2,4,4.136651800014079,,,4.1211538999923505,4.136651800014079,4.634998299996369,4.634998299996369,4.651840500009712,4.935567600012291,5.602964699966833,right,4,1,1,0.9562688000150956,dwit adaptive staircase,001,2026-09-10_15h19.06.598,adaptive staircase exp,,2026.2.3,59.99163717193894,2026-09-10 15h19.06.726045 +0530,
4,2,2,5.618571099999826,,,5.603493899980094,5.618571099999826,6.1183056000154465,6.1183056000154465,6.1183056000154465,6.418183600006159,6.6520199999795295,left,-2,1,1,0.5173405999667011,dwit adaptive staircase,001,2026-09-10_15h19.06.598,adaptive staircase exp,,2026.2.3,59.99163717193894,2026-09-10 15h19.06.726045 +0530,
5,2,1,6.6668130999896675,,,6.652602799993474,6.6668130999896675,7.16735239996342,7.16735239996342,7.16735239996342,7.4671827999991365,7.8842762999702245,right,1,1,1,0.7079981000279076,dwit adaptive staircase,001,2026-09-10_15h19.06.598,adaptive staircase exp,,2026.2.3,59.99163717193894,2026-09-10 15h19.06.726045 +0530,
6,2,1,7.899671299965121,,,7.884837899997365,7.899671299965121,8.39992469997378,8.39992469997378,8.39992469997378,8.699500299990177,9.067448000016157,left,-1,1,1,0.6636142999632284,dwit adaptive staircase,001,2026-09-10_15h19.06.598,adaptive staircase exp,,2026.2.3,59.99163717193894,2026-09-10 15h19.06.726045 +0530,
7,2,1,9.082395099976566,,,9.068010899994988,9.082395099976566,9.581871900008991,9.581871900008991,9.581871900008991,9.881470799969975,10.299366699997336,left,-1,1,1,0.7110773000167683,dwit adaptive staircase,001,2026-09-10_15h19.06.598,adaptive staircase exp,,2026.2.3,59.99163717193894,2026-09-10 15h19.06.726045 +0530,
8,2,1,10.314729199977592,,,10.299896600015927,10.314729199977592,10.814045100007206,10.814045100007206,10.814045100007206,11.114051799988374,11.365299900004175,right,1,1,1,0.5354051999747753,dwit adaptive staircase,001,2026-09-10_15h19.06.598,adaptive staircase exp,,2026.2.3,59.99163717193894,2026-09-10 15h19.06.726045 +0530,
9,2,1,11.380566800013185,,,11.365845299966168,11.380566800013185,11.879742599965539,11.879742599965539,11.879742599965539,12.180011399963405,12.498165199998766,right,1,1,1,0.6076516999746673,dwit adaptive staircase,001,2026-09-10_15h19.06.598,adaptive staircase exp,,2026.2.3,59.99163717193894,2026-09-10 15h19.06.726045 +0530,
10,1,1,12.512714600015897,,,12.4986985999858,12.512714600015897,13.011919200012926,13.011919200012926,13.029825099976733,13.312022999976762,13.580093999975361,right,1,0,0,0.5613126000389457,dwit adaptive staircase,001,2026-09-10_15h19.06.598,adaptive staircase exp,,2026.2.3,59.99163717193894,2026-09-10 15h19.06.726045 +0530,
11,1,2,13.595520399976522,,,13.580675799981691,13.595520399976522,14.095096800010651,14.095096800010651,14.095096800010651,14.393236699979752,14.54586269997526,left,-2,0,0,0.4377676000003703,dwit adaptive staircase,001,2026-09-10_15h19.06.598,adaptive staircase exp,,2026.2.3,59.99163717193894,2026-09-10 15h19.06.726045 +0530,
12,1,3,14.560998899978586,,,14.546532900014427,14.560998899978586,15.06017949996749,15.06017949996749,15.07731409999542,15.360845699964557,15.8112087000045,left,-3,1,1,0.7467921000206843,dwit adaptive staircase,001,2026-09-10_15h19.06.598,adaptive staircase exp,,2026.2.3,59.99163717193894,2026-09-10 15h19.06.726045 +0530,
13,1,3,15.826574200007599,,,15.811741699988488,15.826574200007599,16.326082599989604,16.326082599989604,16.326082599989604,16.626018500013743,16.993386699992698,right,3,1,1,0.6629404000123031,dwit adaptive staircase,001,2026-09-10_15h19.06.598,adaptive staircase exp,,2026.2.3,59.99163717193894,2026-09-10 15h19.06.726045 +0530,
14,1,3,17.00907129998086,,,16.99395239999285,17.00907129998086,17.50891470001079,17.50891470001079,17.50891470001079,17.82274979999056,18.110372099967208,left,-3,1,1,0.599257200025022,dwit adaptive staircase,001,2026-09-10_15h19.06.598,adaptive staircase exp,,2026.2.3,59.99163717193894,2026-09-10 15h19.06.726045 +0530,
15,0,2,18.12742849998176,,,18.110862999979872,18.12742849998176,18.62811549997423,18.62811549997423,18.69099470000947,18.924982699973043,22.654953200020827,right,2,0,0,4.0090833000140265,dwit adaptive staircase,001,2026-09-10_15h19.06.598,adaptive staircase exp,,2026.2.3,59.99163717193894,2026-09-10 15h19.06.726045 +0530,
16,0,2,22.67073359998176,,,22.655529499985278,22.67073359998176,23.154185299994424,23.154185299994424,23.171007799974177,23.470405799977016,23.921696999983396,left,-2,1,1,0.7517568999901414,dwit adaptive staircase,001,2026-09-10_15h19.06.598,adaptive staircase exp,,2026.2.3,59.99163717193894,2026-09-10 15h19.06.726045 +0530,
17,0,2,23.93675389996497,,,23.922405899968,23.93675389996497,24.43701619998319,24.43701619998319,24.43701619998319,24.73643330001505,25.2534601999796,right,2,1,1,0.8019994999631308,dwit adaptive staircase,001,2026-09-10_15h19.06.598,adaptive staircase exp,,2026.2.3,59.99163717193894,2026-09-10 15h19.06.726045 +0530,
18,5,2,25.268935700005386,,,25.253928899997845,25.268935700005386,25.767477600020356,25.767477600020356,25.767477600020356,26.067441199964378,26.669000299996696,left,-2,1,1,0.8981190000195056,dwit adaptive staircase,001,2026-09-10_15h19.06.598,adaptive staircase exp,,2026.2.3,59.99163717193894,2026-09-10 15h19.06.726045 +0530,
19,5,1,26.68399920000229,,,26.669433399976697,26.68399920000229,27.183096199994907,27.183096199994907,27.183096199994907,27.48275789996842,28.08353200001875,left,-1,1,1,0.8858905999804847,dwit adaptive staircase,001,2026-09-10_15h19.06.598,adaptive staircase exp,,2026.2.3,59.99163717193894,2026-09-10 15h19.06.726045 +0530,
20,5,1,28.099188999971375,,,28.083993899985217,28.099188999971375,28.598694499989506,28.598694499989506,28.598694499989506,28.89841979998164,29.54873169999337,left,-1,1,1,0.9460643999627791,dwit adaptive staircase,001,2026-09-10_15h19.06.598,adaptive staircase exp,,2026.2.3,59.99163717193894,2026-09-10 15h19.06.726045 +0530,
21,5,1,29.564607199979946,,,29.549194999970496,29.564607199979946,30.064142099989112,30.064142099989112,30.064142099989112,30.364139200013597,31.0809965999797,left,-1,1,1,1.0071958000189625,dwit adaptive staircase,001,2026-09-10_15h19.06.598,adaptive staircase exp,,2026.2.3,59.99163717193894,2026-09-10 15h19.06.726045 +0530,
22,5,1,31.096603900019545,,,31.08146570000099,31.096603900019545,31.580213300010655,31.580213300010655,31.59669809998013,31.88007050001761,32.18007529998431,right,1,1,1,0.5872907000011764,dwit adaptive staircase,001,2026-09-10_15h19.06.598,adaptive staircase exp,,2026.2.3,59.99163717193894,2026-09-10 15h19.06.726045 +0530,
23,5,1,32.1957750999718,,,32.18053640000289,32.1957750999718,32.67950570001267,32.67950570001267,32.69632859999547,32.97895179997431,33.530675199988764,right,1,1,1,0.8397280999924988,dwit adaptive staircase,001,2026-09-10_15h19.06.598,adaptive staircase exp,,2026.2.3,59.99163717193894,2026-09-10 15h19.06.726045 +0530,
24,5,1,33.5456713999738,,,33.53124189999653,33.5456713999738,34.04554680001456,34.04554680001456,34.04554680001456,34.3452073999797,34.82972819998395,left,-1,1,1,0.7674753000028431,dwit adaptive staircase,001,2026-09-10_15h19.06.598,adaptive staircase exp,,2026.2.3,59.99163717193894,2026-09-10 15h19.06.726045 +0530,
25,5,1,34.84449340001447,,,34.83028850000119,34.84449340001447,35.34424190002028,35.34424190002028,35.34424190002028,35.64421230001608,36.011159499990754,right,1,1,1,0.6548293000087142,dwit adaptive staircase,001,2026-09-10_15h19.06.598,adaptive staircase exp,,2026.2.3,59.99163717193894,2026-09-10 15h19.06.726045 +0530,
26,5,1,36.026996699976735,,,36.01170789997559,36.026996699976735,36.52630259998841,36.52630259998841,36.52630259998841,36.82622079999419,37.31091389997164,left,-1,1,1,0.7809494999819435,dwit adaptive staircase,001,2026-09-10_15h19.06.598,adaptive staircase exp,,2026.2.3,59.99163717193894,2026-09-10 15h19.06.726045 +0530,
27,5,1,37.32617959997151,,,37.31146589998389,37.32617959997151,37.82540600001812,37.82540600001812,37.82540600001812,38.12506459996803,38.692839699971955,left,-1,1,1,0.8601936000050046,dwit adaptive staircase,001,2026-09-10_15h19.06.598,adaptive staircase exp,,2026.2.3,59.99163717193894,2026-09-10 15h19.06.726045 +0530,
28,5,1,38.70830709999427,,,38.693379600008484,38.70830709999427,39.20758459996432,39.20758459996432,39.20758459996432,39.50756379996892,40.041179199994076,right,1,1,1,0.8255940999952145,dwit adaptive staircase,001,2026-09-10_15h19.06.598,adaptive staircase exp,,2026.2.3,59.99163717193894,2026-09-10 15h19.06.726045 +0530,
29,5,1,40.056789199996274,,,40.04172129998915,40.056789199996274,40.55670179997105,40.55670179997105,40.55670179997105,40.85701420000987,41.47388130001491,right,1,1,1,0.9102131999679841,dwit adaptive staircase,001,2026-09-10_15h19.06.598,adaptive staircase exp,,2026.2.3,59.99163717193894,2026-09-10 15h19.06.726045 +0530,
30,5,1,41.48904070002027,,,41.474408000009134,41.48904070002027,41.98807379999198,41.98807379999198,41.98807379999198,42.28834209998604,42.97217600001022,right,1,0,0,0.9752924999920651,dwit adaptive staircase,001,2026-09-10_15h19.06.598,adaptive staircase exp,,2026.2.3,59.99163717193894,2026-09-10 15h19.06.726045 +0530,
31,5,6,42.98774770001182,,,42.97273259999929,42.98774770001182,43.48726239998359,43.48726239998359,43.48726239998359,43.78715479996754,44.35415169998305,left,-6,1,1,0.8518916000030003,dwit adaptive staircase,001,2026-09-10_15h19.06.598,adaptive staircase exp,,2026.2.3,59.99163717193894,2026-09-10 15h19.06.726045 +0530,
32,5,6,44.36978969996562,,,44.35471200000029,44.36978969996562,44.869511500000954,44.869511500000954,44.869511500000954,45.16925609996542,45.87062820000574,left,-6,1,1,0.9877457999973558,dwit adaptive staircase,001,2026-09-10_15h19.06.598,adaptive staircase exp,,2026.2.3,59.99163717193894,2026-09-10 15h19.06.726045 +0530,
33,5,6,45.885766899969894,,,45.87123109999811,45.885766899969894,46.385225099977106,46.385225099977106,46.385225099977106,46.68473629996879,47.31816359999357,left,-6,1,1,0.9240379999973811,dwit adaptive staircase,001,2026-09-10_15h19.06.598,adaptive staircase exp,,2026.2.3,59.99163717193894,2026-09-10 15h19.06.726045 +0530,
34,5,1,47.33417049999116,,,47.318697199982125,47.33417049999116,47.83362459996715,47.83362459996715,47.83362459996715,48.13356729998486,48.552702600019984,right,1,1,1,0.7159268999821506,dwit adaptive staircase,001,2026-09-10_15h19.06.598,adaptive staircase exp,,2026.2.3,59.99163717193894,2026-09-10 15h19.06.726045 +0530,
35,5,1,48.56641689996468,,,48.553274900012184,48.56641689996468,49.06599949998781,49.06599949998781,49.06599949998781,49.36592680000467,49.99994000000879,left,-1,1,1,0.9255531000089832,dwit adaptive staircase,001,2026-09-10_15h19.06.598,adaptive staircase exp,,2026.2.3,59.99163717193894,2026-09-10 15h19.06.726045 +0530,
36,5,1,50.01515260001179,,,50.00045539997518,50.01515260001179,50.51501400000416,50.51501400000416,50.51501400000416,50.814800399995875,51.51484339998569,left,-1,1,1,0.9858976999530569,dwit adaptive staircase,001,2026-09-10_15h19.06.598,adaptive staircase exp,,2026.2.3,59.99163717193894,2026-09-10 15h19.06.726045 +0530,
37,5,1,51.53074670000933,,,51.515381400007755,51.53074670000933,52.013623300008476,52.013623300008476,52.03025549999438,52.31345670000883,52.863415299972985,right,1,1,1,0.8418162000016309,dwit adaptive staircase,001,2026-09-10_15h19.06.598,adaptive staircase exp,,2026.2.3,59.99163717193894,2026-09-10 15h19.06.726045 +0530,
38,5,1,52.8797056999756,,,52.86396769998828,52.8797056999756,53.377667299995665,53.377667299995665,53.39443779998692,53.67762610001955,54.09635259996867,right,1,0,0,0.7056056000292301,dwit adaptive staircase,001,2026-09-10_15h19.06.598,adaptive staircase exp,,2026.2.3,59.99163717193894,2026-09-10 15h19.06.726045 +0530,
39,5,6,54.111937000008766,,,54.096917999966536,54.111937000008766,54.61142919998383,54.61142919998383,54.61142919998383,54.91121839999687,55.97904979996383,right,6,0,0,1.3640589999849908,dwit adaptive staircase,001,2026-09-10_15h19.06.598,adaptive staircase exp,,2026.2.3,59.99163717193894,2026-09-10 15h19.06.726045 +0530,
40,5,11,55.99404660001164,,,55.97959150001407,55.99404660001164,56.49330370000098,56.49330370000098,56.49330370000098,56.792942699976265,57.30927809997229,right,11,1,1,0.8036837999825366,dwit adaptive staircase,001,2026-09-10_15h19.06.598,adaptive staircase exp,,2026.2.3,59.99163717193894,2026-09-10 15h19.06.726045 +0530,
41,5,11,57.32523919997038,,,57.309761599986814,57.32523919997038,57.80886829999508,57.80886829999508,57.825496800011024,58.10879199998453,58.69234020001022,right,11,1,1,0.869939099997282,dwit adaptive staircase,001,2026-09-10_15h19.06.598,adaptive staircase exp,,2026.2.3,59.99163717193894,2026-09-10 15h19.06.726045 +0530,
42,5,11,58.7079178999993,,,58.692888399993535,58.7079178999993,59.20764460001374,59.20764460001374,59.20764460001374,59.507403999974485,59.974758099997416,right,11,1,1,0.7613341999822296,dwit adaptive staircase,001,2026-09-10_15h19.06.598,adaptive staircase exp,,2026.2.3,59.99163717193894,2026-09-10 15h19.06.726045 +0530,
43,5,6,59.99036619998515,,,59.975305299973115,59.99036619998515,60.48914949997561,60.48914949997561,60.50581389997387,60.789782400010154,61.30718509998405,right,6,1,1,0.8081314999726601,dwit adaptive staircase,001,2026-09-10_15h19.06.598,adaptive staircase exp,,2026.2.3,59.99163717193894,2026-09-10 15h19.06.726045 +0530,
44,5,6,61.32275180000579,,,61.30770800000755,61.32275180000579,61.80572339997161,61.80572339997161,61.82238480000524,62.12187339999946,62.53944759996375,right,6,1,1,0.7235329999821261,dwit adaptive staircase,001,2026-09-10_15h19.06.598,adaptive staircase exp,,2026.2.3,59.99163717193894,2026-09-10 15h19.06.726045 +0530,
45,5,6,62.555087500019,,,62.53999630000908,62.555087500019,63.05459499999415,63.05459499999415,63.05459499999415,63.354512199992314,63.70499749999726,left,-6,1,1,0.634711500024423,dwit adaptive staircase,001,2026-09-10_15h19.06.598,adaptive staircase exp,,2026.2.3,59.99163717193894,2026-09-10 15h19.06.726045 +0530,
46,5,1,63.72049039998092,,,63.70556959998794,63.72049039998092,64.22011110000312,64.22011110000312,64.22011110000312,64.52010019996669,65.03741509997053,right,1,0,0,0.8031138000078499,dwit adaptive staircase,001,2026-09-10_15h19.06.598,adaptive staircase exp,,2026.2.3,59.99163717193894,2026-09-10 15h19.06.726045 +0530,
47,5,6,65.05323069996666,,,65.0379496999667,65.05323069996666,65.55251150002005,65.55251150002005,65.55251150002005,65.85269510000944,66.23252889997093,right,6,1,1,0.6736371999722905,dwit adaptive staircase,001,2026-09-10_15h19.06.598,adaptive staircase exp,,2026.2.3,59.99163717193894,2026-09-10 15h19.06.726045 +0530,
48,5,6,66.24842790002003,,,66.23274740000488,66.24842790002003,66.73477249999996,66.73477249999996,66.75151550001465,67.03497909998987,67.53557870001532,right,6,1,1,0.786291100026574,dwit adaptive staircase,001,2026-09-10_15h19.06.598,adaptive staircase exp,,2026.2.3,59.99163717193894,2026-09-10 15h19.06.726045 +0530,
49,5,6,67.55099620000692,,,67.5361433000071,67.55099620000692,68.05070329998853,68.05070329998853,68.05070329998853,68.35009249998257,68.76768629997969,left,-6,1,1,0.7124313000240363,dwit adaptive staircase,001,2026-09-10_15h19.06.598,adaptive staircase exp,,2026.2.3,59.99163717193894,2026-09-10 15h19.06.726045 +0530,
