word,colour,stim_condition,correct_res,thisN,thisTrialN,thisRepN,key_resp.keys,key_resp.corr,key_resp.rt,key_resp.duration,trials.thisRepN,trials.thisTrialN,trials.thisN,trials.thisIndex,thisRow.t,notes,piloting,Instruction.started,text_2.started,text_2.stopped,Instruction.stopped,trial.started,fixation.started,text.started,key_resp.started,fixation.stopped,text.stopped,trial.stopped,trials.key_resp.keys,trials.key_resp.corr,trials.key_resp.rt,trials.key_resp.duration,Thank_you.started,text_3.started,text_3.stopped,Thank_you.stopped,participant,session,date,expName,expVersion,psychopyVersion,frameRate,expStart,
,,,,,,,,,,,,,,,,,False,0.003202199994120747,0.010056600003736094,1.0248194000159856,0.9934235000109766,,,,,,,,,,,,,,,,dwiti stroop,001,2026-09-06_12h00.18.019,stroop task,,2026.2.3,59.9818854653299,2026-09-06 12h00.18.295710 +0530,
RED,red,C,r,0,0,0,b,0,16.675337099994067,None,0,0,0,0,1.0248194000159856,,,,,,,1.02100700000301,1.0248194000159856,1.5092818000121042,1.5092818000121042,1.5259703999909107,6.005449799995404,18.195188300014706,b,0,16.675337099994067,None,,,,,dwiti stroop,001,2026-09-06_12h00.18.019,stroop task,,2026.2.3,59.9818854653299,2026-09-06 12h00.18.295710 +0530,
RED,blue,I,b,1,1,0,b,1,0.5931256000185385,None,0,1,1,1,18.2116076000093,,,,,,,18.195856600010302,18.2116076000093,18.694803899998078,18.694803899998078,18.711770900001284,,19.295183100010036,b,1,0.5931256000185385,None,,,,,dwiti stroop,001,2026-09-06_12h00.18.019,stroop task,,2026.2.3,59.9818854653299,2026-09-06 12h00.18.295710 +0530,
BLUE,blue,C,b,2,2,0,b,1,1.8522826999833342,None,0,2,2,3,19.310350100015057,,,,,,,19.3072625999921,19.310350100015057,19.810647800011793,19.810647800011793,19.810647800011793,,21.67609709998942,b,1,1.8522826999833342,None,,,,,dwiti stroop,001,2026-09-06_12h00.18.019,stroop task,,2026.2.3,59.9818854653299,2026-09-06 12h00.18.295710 +0530,
BLUE,red,I,r,3,3,0,b,0,7.075667699973565,None,0,3,3,2,21.69229659999837,,,,,,,21.677307000005385,21.69229659999837,22.191727600002196,22.191727600002196,22.191727600002196,26.68859189999057,29.270584499987308,b,0,7.075667699973565,None,,,,,dwiti stroop,001,2026-09-06_12h00.18.019,stroop task,,2026.2.3,59.9818854653299,2026-09-06 12h00.18.295710 +0530,
RED,red,C,r,4,0,1,b,0,0.6612857999862172,None,1,0,4,0,29.286083899991354,,,,,,,29.2786912000156,29.286083899991354,29.78579689998878,29.78579689998878,29.78579689998878,,30.45298959998763,b,0,0.6612857999862172,None,,,,,dwiti stroop,001,2026-09-06_12h00.18.019,stroop task,,2026.2.3,59.9818854653299,2026-09-06 12h00.18.295710 +0530,
RED,blue,I,b,5,1,1,b,1,0.800174900010461,None,1,1,5,1,30.468513700005133,,,,,,,30.45482680000714,30.468513700005133,30.968632600008277,30.968632600008277,30.968632600008277,,31.785454600001685,b,1,0.800174900010461,None,,,,,dwiti stroop,001,2026-09-06_12h00.18.019,stroop task,,2026.2.3,59.9818854653299,2026-09-06 12h00.18.295710 +0530,
BLUE,red,I,r,6,2,1,b,0,0.5740243000036571,None,1,2,6,2,31.80075970001053,,,,,,,31.79360840001027,31.80075970001053,32.3003691000049,32.3003691000049,32.3003691000049,,32.88438470000983,b,0,0.5740243000036571,None,,,,,dwiti stroop,001,2026-09-06_12h00.18.019,stroop task,,2026.2.3,59.9818854653299,2026-09-06 12h00.18.295710 +0530,
BLUE,blue,C,b,7,3,1,b,1,0.6502250000194181,None,1,3,7,3,32.900121999991825,,,,,,,32.88610400000471,32.900121999991825,33.399640199990245,33.399640199990245,33.399640199990245,,34.06651390000479,b,1,0.6502250000194181,None,,,,,dwiti stroop,001,2026-09-06_12h00.18.019,stroop task,,2026.2.3,59.9818854653299,2026-09-06 12h00.18.295710 +0530,
BLUE,blue,C,b,8,0,2,b,1,0.35986230001435615,None,2,0,8,3,34.08236540001235,,,,,,,34.06805510001141,34.08236540001235,34.58206919999793,34.58206919999793,34.58206919999793,,34.94939970000996,b,1,0.35986230001435615,None,,,,,dwiti stroop,001,2026-09-06_12h00.18.019,stroop task,,2026.2.3,59.9818854653299,2026-09-06 12h00.18.295710 +0530,
BLUE,red,I,r,9,1,2,b,0,0.29607849998865277,None,2,1,9,2,34.964861199987354,,,,,,,34.95093859999906,34.964861199987354,35.46426080001402,35.46426080001402,35.46426080001402,,35.765412500011735,b,0,0.29607849998865277,None,,,,,dwiti stroop,001,2026-09-06_12h00.18.019,stroop task,,2026.2.3,59.9818854653299,2026-09-06 12h00.18.295710 +0530,
RED,blue,I,b,10,2,2,b,1,0.289701600006083,None,2,2,10,1,35.78089250001358,,,,,,,35.77107129999786,35.78089250001358,36.28055180000956,36.28055180000956,36.28055180000956,,36.58124040000257,b,1,0.289701600006083,None,,,,,dwiti stroop,001,2026-09-06_12h00.18.019,stroop task,,2026.2.3,59.9818854653299,2026-09-06 12h00.18.295710 +0530,
RED,red,C,r,11,3,2,b,0,0.28439839999191463,None,2,3,11,0,36.59698010000284,,,,,,,36.58286580001004,36.59698010000284,37.09671750001144,37.09671750001144,37.09671750001144,,37.397121099988,b,0,0.28439839999191463,None,,,,,dwiti stroop,001,2026-09-06_12h00.18.019,stroop task,,2026.2.3,59.9818854653299,2026-09-06 12h00.18.295710 +0530,
BLUE,blue,C,b,12,0,3,b,1,0.26139580001472495,None,3,0,12,3,37.4130664000113,,,,,,,37.40487560001202,37.4130664000113,37.9124645999982,37.9124645999982,37.9124645999982,,38.17985459999181,b,1,0.26139580001472495,None,,,,,dwiti stroop,001,2026-09-06_12h00.18.019,stroop task,,2026.2.3,59.9818854653299,2026-09-06 12h00.18.295710 +0530,
BLUE,red,I,r,13,1,3,b,0,0.2730777999968268,None,3,1,13,2,38.195787800010294,,,,,,,38.181450400006725,38.195787800010294,38.69526279999991,38.69526279999991,38.69526279999991,,38.97856509999838,b,0,0.2730777999968268,None,,,,,dwiti stroop,001,2026-09-06_12h00.18.019,stroop task,,2026.2.3,59.9818854653299,2026-09-06 12h00.18.295710 +0530,
RED,red,C,r,14,2,3,b,0,0.1335417999944184,None,3,2,14,0,38.99449780001305,,,,,,,38.98055460001342,38.99449780001305,39.478046700009145,39.478046700009145,39.49469130000216,,39.62795729999198,b,0,0.1335417999944184,None,,,,,dwiti stroop,001,2026-09-06_12h00.18.019,stroop task,,2026.2.3,59.9818854653299,2026-09-06 12h00.18.295710 +0530,
RED,blue,I,b,15,3,3,b,1,0.13186500000301749,None,3,3,15,1,39.644155000016326,,,,,,,39.62854959999095,39.644155000016326,40.127530099998694,40.127530099998694,40.144031200004974,,40.261029799992684,b,1,0.13186500000301749,None,,,,,dwiti stroop,001,2026-09-06_12h00.18.019,stroop task,,2026.2.3,59.9818854653299,2026-09-06 12h00.18.295710 +0530,
RED,red,C,r,16,0,4,b,0,0.11781560000963509,None,4,0,16,0,40.27701650001109,,,,,,,40.262221799988765,40.27701650001109,40.759894399991026,40.759894399991026,40.77674709999701,,40.894501800008584,b,0,0.11781560000963509,None,,,,,dwiti stroop,001,2026-09-06_12h00.18.019,stroop task,,2026.2.3,59.9818854653299,2026-09-06 12h00.18.295710 +0530,
BLUE,red,I,r,17,1,4,b,0,0.24404920000233687,None,4,1,17,2,40.910076500003925,,,,,,,40.90225909999572,40.910076500003925,41.40974999999162,41.40974999999162,41.40974999999162,,41.65967309998814,b,0,0.24404920000233687,None,,,,,dwiti stroop,001,2026-09-06_12h00.18.019,stroop task,,2026.2.3,59.9818854653299,2026-09-06 12h00.18.295710 +0530,
RED,blue,I,b,18,2,4,b,1,0.19760439998935908,None,4,2,18,1,41.67554409999866,,,,,,,41.66209639998851,41.67554409999866,42.159261900000274,42.159261900000274,42.175920200010296,,42.360161899996456,b,1,0.19760439998935908,None,,,,,dwiti stroop,001,2026-09-06_12h00.18.019,stroop task,,2026.2.3,59.9818854653299,2026-09-06 12h00.18.295710 +0530,
BLUE,blue,C,b,19,3,4,b,1,0.19330100002116524,None,4,3,19,3,42.37502529998892,,,,,,,42.36929959998815,42.37502529998892,42.87529170000926,42.87529170000926,42.87529170000926,,43.07585110000218,b,1,0.19330100002116524,None,,,,,dwiti stroop,001,2026-09-06_12h00.18.019,stroop task,,2026.2.3,59.9818854653299,2026-09-06 12h00.18.295710 +0530,
BLUE,red,I,r,20,0,5,b,0,0.11931609999737702,None,5,0,20,2,43.09135430000606,,,,,,,43.07762250001542,43.09135430000606,43.59136019999278,43.59136019999278,43.59136019999278,,43.7252606000111,b,0,0.11931609999737702,None,,,,,dwiti stroop,001,2026-09-06_12h00.18.019,stroop task,,2026.2.3,59.9818854653299,2026-09-06 12h00.18.295710 +0530,
RED,blue,I,b,21,1,5,b,1,0.12469909997889772,None,5,1,21,1,43.74105569999665,,,,,,,43.73247409999021,43.74105569999665,44.240588100015884,44.240588100015884,44.240588100015884,,44.374819599994225,b,1,0.12469909997889772,None,,,,,dwiti stroop,001,2026-09-06_12h00.18.019,stroop task,,2026.2.3,59.9818854653299,2026-09-06 12h00.18.295710 +0530,
BLUE,blue,C,b,22,2,5,b,1,0.06676589997368865,None,5,2,22,3,44.390293300006306,,,,,,,44.38307660000282,44.390293300006306,44.89019780000672,44.89019780000672,44.89019780000672,,44.97442630000296,b,1,0.06676589997368865,None,,,,,dwiti stroop,001,2026-09-06_12h00.18.019,stroop task,,2026.2.3,59.9818854653299,2026-09-06 12h00.18.295710 +0530,
RED,red,C,r,23,3,5,b,0,0.07004989997949451,None,5,3,23,0,44.98981629998889,,,,,,,44.98251259999233,44.98981629998889,45.48985010001343,45.48985010001343,45.48985010001343,,45.574130199995125,b,0,0.07004989997949451,None,,,,,dwiti stroop,001,2026-09-06_12h00.18.019,stroop task,,2026.2.3,59.9818854653299,2026-09-06 12h00.18.295710 +0530,
BLUE,red,I,r,24,0,6,b,0,0.0639365000242833,None,6,0,24,2,45.5893175000092,,,,,,,45.58173040000838,45.5893175000092,46.08902549999766,46.08902549999766,46.08902549999766,,46.15580430001137,b,0,0.0639365000242833,None,,,,,dwiti stroop,001,2026-09-06_12h00.18.019,stroop task,,2026.2.3,59.9818854653299,2026-09-06 12h00.18.295710 +0530,
BLUE,blue,C,b,25,1,6,b,1,0.1081897999974899,None,6,1,25,3,46.17228709999472,,,,,,,46.15667789999861,46.17228709999472,46.65552739999839,46.65552739999839,46.672148100013146,,46.772825599997304,b,1,0.1081897999974899,None,,,,,dwiti stroop,001,2026-09-06_12h00.18.019,stroop task,,2026.2.3,59.9818854653299,2026-09-06 12h00.18.295710 +0530,
RED,red,C,r,26,2,6,b,0,0.05531750002410263,None,6,2,26,0,46.788591599994106,,,,,,,46.78058280001278,46.788591599994106,47.28803009999683,47.28803009999683,47.28803009999683,,47.355756600009045,b,0,0.05531750002410263,None,,,,,dwiti stroop,001,2026-09-06_12h00.18.019,stroop task,,2026.2.3,59.9818854653299,2026-09-06 12h00.18.295710 +0530,
RED,blue,I,b,27,3,6,b,1,0.012709700007690117,None,6,3,27,1,47.371586399996886,,,,,,,47.35727959999349,47.371586399996886,47.87096339999698,47.87096339999698,47.87096339999698,,47.88829170001554,b,1,0.012709700007690117,None,,,,,dwiti stroop,001,2026-09-06_12h00.18.019,stroop task,,2026.2.3,59.9818854653299,2026-09-06 12h00.18.295710 +0530,
RED,red,C,r,28,0,7,b,0,0.008723499980987981,None,7,0,28,0,47.904459599987604,,,,,,,47.88981419999618,47.904459599987604,48.40430130000459,48.40430130000459,48.40430130000459,,48.42121380000026,b,0,0.008723499980987981,None,,,,,dwiti stroop,001,2026-09-06_12h00.18.019,stroop task,,2026.2.3,59.9818854653299,2026-09-06 12h00.18.295710 +0530,
RED,blue,I,b,29,1,7,b,1,0.05151259998092428,None,7,1,29,1,48.436969500005944,,,,,,,48.42270359999384,48.436969500005944,48.93697290000273,48.93697290000273,48.93697290000273,,49.00418210000498,b,1,0.05151259998092428,None,,,,,dwiti stroop,001,2026-09-06_12h00.18.019,stroop task,,2026.2.3,59.9818854653299,2026-09-06 12h00.18.295710 +0530,
BLUE,red,I,r,30,2,7,b,0,0.1577916000096593,None,7,2,30,2,49.020026899990626,,,,,,,49.01211370000965,49.020026899990626,49.51977770001395,49.51977770001395,49.51977770001395,,49.68732040000032,b,0,0.1577916000096593,None,,,,,dwiti stroop,001,2026-09-06_12h00.18.019,stroop task,,2026.2.3,59.9818854653299,2026-09-06 12h00.18.295710 +0530,
BLUE,blue,C,b,31,3,7,b,1,0.03584550000960007,None,7,3,31,3,49.70301009999821,,,,,,,49.68904820000171,49.70301009999821,50.202425700001186,50.202425700001186,50.202425700001186,,50.25265850001597,b,1,0.03584550000960007,None,,,,,dwiti stroop,001,2026-09-06_12h00.18.019,stroop task,,2026.2.3,59.9818854653299,2026-09-06 12h00.18.295710 +0530,
BLUE,blue,C,b,32,0,8,b,1,0.19439049999346025,None,8,0,32,3,50.26890039999853,,,,,,,50.25350439999602,50.26890039999853,50.751798400015105,50.751798400015105,50.768492400005925,,50.95267050000257,b,1,0.19439049999346025,None,,,,,dwiti stroop,001,2026-09-06_12h00.18.019,stroop task,,2026.2.3,59.9818854653299,2026-09-06 12h00.18.295710 +0530,
BLUE,red,I,r,33,1,8,b,0,0.014393300021765754,None,8,1,33,2,50.96851840001182,,,,,,,50.95421709999209,50.96851840001182,51.451419199991506,51.451419199991506,51.468113800016,,51.46843579999404,b,0,0.014393300021765754,None,,,,,dwiti stroop,001,2026-09-06_12h00.18.019,stroop task,,2026.2.3,59.9818854653299,2026-09-06 12h00.18.295710 +0530,
RED,red,C,r,34,2,8,b,0,0.09834359999513254,None,8,2,34,0,51.48421550000785,,,,,,,51.47103230000357,51.48421550000785,51.96755040000426,51.96755040000426,51.984241199999815,,52.06855250001536,b,0,0.09834359999513254,None,,,,,dwiti stroop,001,2026-09-06_12h00.18.019,stroop task,,2026.2.3,59.9818854653299,2026-09-06 12h00.18.295710 +0530,
RED,blue,I,b,35,3,8,b,1,1.0395023999735713,None,8,3,35,1,52.08441889999085,,,,,,,52.070103100006236,52.08441889999085,52.58397509998758,52.58397509998758,52.58397509998758,,53.633892000012565,b,1,1.0395023999735713,None,,,,,dwiti stroop,001,2026-09-06_12h00.18.019,stroop task,,2026.2.3,59.9818854653299,2026-09-06 12h00.18.295710 +0530,
BLUE,red,I,r,36,0,9,b,0,0.7977287999819964,None,9,0,36,2,53.64931800001068,,,,,,,53.641064900002675,53.64931800001068,54.149158499989426,54.149158499989426,54.149158499989426,,54.94952439999906,b,0,0.7977287999819964,None,,,,,dwiti stroop,001,2026-09-06_12h00.18.019,stroop task,,2026.2.3,59.9818854653299,2026-09-06 12h00.18.295710 +0530,
RED,red,C,r,37,1,9,b,0,0.8624945000046864,None,9,1,37,0,54.96512569999322,,,,,,,54.95503410001402,54.96512569999322,55.464820499997586,55.464820499997586,55.464820499997586,,56.33148729999084,b,0,0.8624945000046864,None,,,,,dwiti stroop,001,2026-09-06_12h00.18.019,stroop task,,2026.2.3,59.9818854653299,2026-09-06 12h00.18.295710 +0530,
BLUE,blue,C,b,38,2,9,b,1,0.7076343999942765,None,9,2,38,3,56.34723469999153,,,,,,,56.336707200011006,56.34723469999153,56.84684909999487,56.84684909999487,56.84684909999487,,57.56444849999389,b,1,0.7076343999942765,None,,,,,dwiti stroop,001,2026-09-06_12h00.18.019,stroop task,,2026.2.3,59.9818854653299,2026-09-06 12h00.18.295710 +0530,
RED,blue,I,b,39,3,9,b,1,0.7249704000132624,None,9,3,39,1,57.57968200001051,,,,,,,57.56955179999932,57.57968200001051,58.07930519999354,58.07930519999354,58.07930519999354,,58.81279110000469,b,1,0.7249704000132624,None,,,,,dwiti stroop,001,2026-09-06_12h00.18.019,stroop task,,2026.2.3,59.9818854653299,2026-09-06 12h00.18.295710 +0530,
,,,,,,,,,,,,,,,,,,,,,,,,,,,,,,,,,58.81309529999271,58.828676700009964,59.82801570001175,59.8121145000041,dwiti stroop,001,2026-09-06_12h00.18.019,stroop task,,2026.2.3,59.9818854653299,2026-09-06 12h00.18.295710 +0530,
