thisN,thisTrialN,thisRepN,key_resp.keys,key_resp.corr,key_resp.rt,key_resp.duration,tilt,trials.thisRepN,trials.thisTrialN,trials.thisN,trials.thisIndex,thisRow.t,notes,piloting,trial.started,fixation.started,fixation.stopped,key_resp.started,trial.stopped,trials.key_resp.keys,trials.key_resp.corr,trials.key_resp.rt,trials.key_resp.duration,trials.tilt,participant,session,date,expName,expVersion,psychopyVersion,frameRate,expStart,
0,0,0,down,0,2.5918117000001075,None,0,0,0,0,0,0.008119000000078813,,False,0.0046298999986902345,0.008119000000078813,1.009837100000368,1.009837100000368,3.716908799999146,down,0,2.5918117000001075,None,0,signal detection dwiti,001,2026-09-28_16h31.44.129,orientation discrimination signal detection,,2026.2.3,60.117035845331515,2026-09-28 16h31.44.205755 +0530,
1,0,1,up,1,1.452108399998906,None,0,1,0,1,0,3.720326799999384,,,3.717106399999466,3.720326799999384,4.7233889999988605,4.7233889999988605,6.189802699998836,up,1,1.452108399998906,None,0,signal detection dwiti,001,2026-09-28_16h31.44.129,orientation discrimination signal detection,,2026.2.3,60.117035845331515,2026-09-28 16h31.44.205755 +0530,
2,0,2,up,1,0.7987316999988252,None,0,2,0,2,0,6.205626199998733,,,6.1903726999989885,6.205626199998733,7.204502700000376,7.204502700000376,8.004730599999675,up,1,0.7987316999988252,None,0,signal detection dwiti,001,2026-09-28_16h31.44.129,orientation discrimination signal detection,,2026.2.3,60.117035845331515,2026-09-28 16h31.44.205755 +0530,
3,0,3,up,1,0.6076925999986997,None,0,3,0,3,0,8.020355399999971,,,8.005297800000335,8.020355399999971,9.019924599999285,9.019924599999285,9.637316199999987,up,1,0.6076925999986997,None,0,signal detection dwiti,001,2026-09-28_16h31.44.129,orientation discrimination signal detection,,2026.2.3,60.117035845331515,2026-09-28 16h31.44.205755 +0530,
4,0,4,up,1,0.6145935999993526,None,0,4,0,4,0,9.652634000000035,,,9.637982199999897,9.652634000000035,10.651371899999504,10.651371899999504,11.269448299999567,up,1,0.6145935999993526,None,0,signal detection dwiti,001,2026-09-28_16h31.44.129,orientation discrimination signal detection,,2026.2.3,60.117035845331515,2026-09-28 16h31.44.205755 +0530,
5,0,5,down,1,0.7212435999990703,None,-5,5,0,5,0,11.285222200000135,,,11.270224399999279,11.285222200000135,12.300577399999383,12.283998299999439,13.01693720000003,down,1,0.7212435999990703,None,-5,signal detection dwiti,001,2026-09-28_16h31.44.129,orientation discrimination signal detection,,2026.2.3,60.117035845331515,2026-09-28 16h31.44.205755 +0530,
6,0,6,down,1,0.778828299999077,None,-2,6,0,6,0,13.033181400000103,,,13.01718830000027,13.033181400000103,14.032715100000132,14.032715100000132,14.815953100000115,down,1,0.778828299999077,None,-2,signal detection dwiti,001,2026-09-28_16h31.44.129,orientation discrimination signal detection,,2026.2.3,60.117035845331515,2026-09-28 16h31.44.205755 +0530,
7,0,7,down,1,0.8057958999997936,None,2,7,0,7,0,14.832077099999879,,,14.816675500000201,14.832077099999879,15.847435300000143,15.831141399999979,16.647449299998698,down,1,0.8057958999997936,None,2,signal detection dwiti,001,2026-09-28_16h31.44.129,orientation discrimination signal detection,,2026.2.3,60.117035845331515,2026-09-28 16h31.44.205755 +0530,
8,0,8,down,1,0.742849500000375,None,2,8,0,8,0,16.663643099998808,,,16.647880599999553,16.663643099998808,17.66289289999986,17.64638670000022,18.396549699999014,down,1,0.742849500000375,None,2,signal detection dwiti,001,2026-09-28_16h31.44.129,orientation discrimination signal detection,,2026.2.3,60.117035845331515,2026-09-28 16h31.44.205755 +0530,
9,0,9,up,1,0.6923007000004873,None,0,9,0,9,0,18.412198199999693,,,18.39711879999959,18.412198199999693,19.411355099999128,19.411355099999128,20.111639699998705,up,1,0.6923007000004873,None,0,signal detection dwiti,001,2026-09-28_16h31.44.129,orientation discrimination signal detection,,2026.2.3,60.117035845331515,2026-09-28 16h31.44.205755 +0530,
10,0,10,up,0,0.7145344000000478,None,-2,10,0,10,0,20.127406699999483,,,20.112268999999287,20.127406699999483,21.12670799999978,21.12670799999978,21.84352719999879,up,0,0.7145344000000478,None,-2,signal detection dwiti,001,2026-09-28_16h31.44.129,orientation discrimination signal detection,,2026.2.3,60.117035845331515,2026-09-28 16h31.44.205755 +0530,
11,0,11,up,0,0.627687899999728,None,-1,11,0,11,0,21.85874150000018,,,21.84415739999895,21.85874150000018,22.85787100000016,22.85787100000016,23.49330050000026,up,0,0.627687899999728,None,-1,signal detection dwiti,001,2026-09-28_16h31.44.129,orientation discrimination signal detection,,2026.2.3,60.117035845331515,2026-09-28 16h31.44.205755 +0530,
12,0,12,up,0,0.6965176000012434,None,-2,12,0,12,0,23.508031800000026,,,23.493951700000252,23.508031800000026,24.50717319999967,24.50717319999967,25.207403099999283,up,0,0.6965176000012434,None,-2,signal detection dwiti,001,2026-09-28_16h31.44.129,orientation discrimination signal detection,,2026.2.3,60.117035845331515,2026-09-28 16h31.44.205755 +0530,
13,0,13,up,0,0.7204033000016352,None,-1,13,0,13,0,25.22342480000043,,,25.20807319999949,25.22342480000043,26.22268939999958,26.22268939999958,26.955018700000437,up,0,0.7204033000016352,None,-1,signal detection dwiti,001,2026-09-28_16h31.44.129,orientation discrimination signal detection,,2026.2.3,60.117035845331515,2026-09-28 16h31.44.205755 +0530,
14,0,14,up,1,1.6731225000003178,None,0,14,0,14,0,26.971402600000147,,,26.955229399998643,26.971402600000147,27.971227299998645,27.954351399999723,29.636966199999733,up,1,1.6731225000003178,None,0,signal detection dwiti,001,2026-09-28_16h31.44.129,orientation discrimination signal detection,,2026.2.3,60.117035845331515,2026-09-28 16h31.44.205755 +0530,
15,0,15,down,1,1.3494353999994928,None,-4,15,0,15,0,29.6528715000004,,,29.637607099999514,29.6528715000004,30.668420799998785,30.651798699998835,32.01869529999931,down,1,1.3494353999994928,None,-4,signal detection dwiti,001,2026-09-28_16h31.44.129,orientation discrimination signal detection,,2026.2.3,60.117035845331515,2026-09-28 16h31.44.205755 +0530,
16,0,16,down,0,1.049918800001251,None,0,16,0,16,0,32.034227699999974,,,32.019286299999294,32.034227699999974,33.03359769999952,33.03359769999952,34.10009809999974,down,0,1.049918800001251,None,0,signal detection dwiti,001,2026-09-28_16h31.44.129,orientation discrimination signal detection,,2026.2.3,60.117035845331515,2026-09-28 16h31.44.205755 +0530,
17,0,17,down,1,0.878249200000937,None,0,17,0,17,0,34.11585509999895,,,34.100722600000154,34.11585509999895,35.11514629999874,35.11514629999874,35.998515499999485,down,1,0.878249200000937,None,0,signal detection dwiti,001,2026-09-28_16h31.44.129,orientation discrimination signal detection,,2026.2.3,60.117035845331515,2026-09-28 16h31.44.205755 +0530,
18,0,18,down,1,0.8712904999993043,None,-4,18,0,18,0,36.014290600000095,,,35.99914129999888,36.014290600000095,37.01345969999966,37.01345969999966,37.89659559999927,down,1,0.8712904999993043,None,-4,signal detection dwiti,001,2026-09-28_16h31.44.129,orientation discrimination signal detection,,2026.2.3,60.117035845331515,2026-09-28 16h31.44.205755 +0530,
19,0,19,down,0,1.3774013000002014,None,0,19,0,19,0,37.91240800000014,,,37.89681539999947,37.91240800000014,38.91212919999998,38.91212919999998,40.29498609999973,down,0,1.3774013000002014,None,0,signal detection dwiti,001,2026-09-28_16h31.44.129,orientation discrimination signal detection,,2026.2.3,60.117035845331515,2026-09-28 16h31.44.205755 +0530,
20,0,20,down,0,0.9369565000015427,None,0,20,0,20,0,40.31098489999931,,,40.29632019999917,40.31098489999931,41.326504399999976,41.310445099999924,42.25983459999952,down,0,0.9369565000015427,None,0,signal detection dwiti,001,2026-09-28_16h31.44.129,orientation discrimination signal detection,,2026.2.3,60.117035845331515,2026-09-28 16h31.44.205755 +0530,
21,0,21,down,1,0.7565340000001015,None,-3,21,0,21,0,42.27582579999944,,,42.26048219999939,42.27582579999944,43.27498360000027,43.27498360000027,44.04242989999875,down,1,0.7565340000001015,None,-3,signal detection dwiti,001,2026-09-28_16h31.44.129,orientation discrimination signal detection,,2026.2.3,60.117035845331515,2026-09-28 16h31.44.205755 +0530,
22,0,22,up,0,1.0202614999998332,None,2,22,0,22,0,44.05796050000026,,,44.04317859999901,44.05796050000026,45.057203200000004,45.057203200000004,46.09039870000015,up,0,1.0202614999998332,None,2,signal detection dwiti,001,2026-09-28_16h31.44.129,orientation discrimination signal detection,,2026.2.3,60.117035845331515,2026-09-28 16h31.44.205755 +0530,
23,0,23,down,1,0.7678859999996348,None,-1,23,0,23,0,46.10618179999983,,,46.091134299998885,46.10618179999983,47.10524289999921,47.10524289999921,47.88875670000016,down,1,0.7678859999996348,None,-1,signal detection dwiti,001,2026-09-28_16h31.44.129,orientation discrimination signal detection,,2026.2.3,60.117035845331515,2026-09-28 16h31.44.205755 +0530,
24,0,24,down,0,1.351187399999617,None,0,24,0,24,0,47.9043432999988,,,47.88941390000036,47.9043432999988,48.90389700000014,48.90389700000014,50.27035969999997,down,0,1.351187399999617,None,0,signal detection dwiti,001,2026-09-28_16h31.44.129,orientation discrimination signal detection,,2026.2.3,60.117035845331515,2026-09-28 16h31.44.205755 +0530,
25,0,25,down,0,0.8788813999999547,None,0,25,0,25,0,50.28595399999904,,,50.27113029999964,50.28595399999904,51.30138189999889,51.284597300000314,52.16804620000039,down,0,0.8788813999999547,None,0,signal detection dwiti,001,2026-09-28_16h31.44.129,orientation discrimination signal detection,,2026.2.3,60.117035845331515,2026-09-28 16h31.44.205755 +0530,
26,0,26,down,0,0.7119600999994873,None,0,26,0,26,0,52.184178800000154,,,52.16832619999877,52.184178800000154,53.18357920000017,53.18357920000017,53.90046689999872,down,0,0.7119600999994873,None,0,signal detection dwiti,001,2026-09-28_16h31.44.129,orientation discrimination signal detection,,2026.2.3,60.117035845331515,2026-09-28 16h31.44.205755 +0530,
27,0,27,down,1,0.6957600999994611,None,-1,27,0,27,0,53.91651490000004,,,53.901700399999754,53.91651490000004,54.91561729999921,54.91561729999921,55.615617499999644,down,1,0.6957600999994611,None,-1,signal detection dwiti,001,2026-09-28_16h31.44.129,orientation discrimination signal detection,,2026.2.3,60.117035845331515,2026-09-28 16h31.44.205755 +0530,
28,0,28,down,0,0.6885626000002958,None,0,28,0,28,0,55.63180470000043,,,55.616184799999246,55.63180470000043,56.63082419999955,56.63082419999955,57.33116159999918,down,0,0.6885626000002958,None,0,signal detection dwiti,001,2026-09-28_16h31.44.129,orientation discrimination signal detection,,2026.2.3,60.117035845331515,2026-09-28 16h31.44.205755 +0530,
29,0,29,down,0,0.6466483999993216,None,0,29,0,29,0,57.3468756000002,,,57.331729199999245,57.3468756000002,58.34607359999973,58.34607359999973,58.99576419999903,down,0,0.6466483999993216,None,0,signal detection dwiti,001,2026-09-28_16h31.44.129,orientation discrimination signal detection,,2026.2.3,60.117035845331515,2026-09-28 16h31.44.205755 +0530,
30,0,30,down,0,0.5824338000002172,None,0,30,0,30,0,59.01189770000019,,,58.99599529999978,59.01189770000019,60.01131009999881,59.99470739999924,60.57845769999949,down,0,0.5824338000002172,None,0,signal detection dwiti,001,2026-09-28_16h31.44.129,orientation discrimination signal detection,,2026.2.3,60.117035845331515,2026-09-28 16h31.44.205755 +0530,
31,0,31,up,1,0.8838679000000411,None,0,31,0,31,0,60.59410360000038,,,60.579144799999995,60.59410360000038,61.593303699999524,61.593303699999524,62.49337589999959,up,1,0.8838679000000411,None,0,signal detection dwiti,001,2026-09-28_16h31.44.129,orientation discrimination signal detection,,2026.2.3,60.117035845331515,2026-09-28 16h31.44.205755 +0530,
32,0,32,down,1,0.7727364000002126,None,-1,32,0,32,0,62.509288399998695,,,62.49400229999992,62.509288399998695,63.50863539999955,63.50863539999955,64.2918453000002,down,1,0.7727364000002126,None,-1,signal detection dwiti,001,2026-09-28_16h31.44.129,orientation discrimination signal detection,,2026.2.3,60.117035845331515,2026-09-28 16h31.44.205755 +0530,
33,0,33,down,0,0.6603018999994674,None,0,33,0,33,0,64.30748649999987,,,64.29241000000002,64.30748649999987,65.30684069999916,65.30684069999916,65.97330200000033,down,0,0.6603018999994674,None,0,signal detection dwiti,001,2026-09-28_16h31.44.129,orientation discrimination signal detection,,2026.2.3,60.117035845331515,2026-09-28 16h31.44.205755 +0530,
34,0,34,down,0,0.5948779999998806,None,0,34,0,34,0,65.98951279999892,,,65.97349450000002,65.98951279999892,67.00509219999913,66.98844529999951,67.5895260999987,down,0,0.5948779999998806,None,0,signal detection dwiti,001,2026-09-28_16h31.44.129,orientation discrimination signal detection,,2026.2.3,60.117035845331515,2026-09-28 16h31.44.205755 +0530,
35,0,35,down,0,0.6793562999991991,None,0,35,0,35,0,67.60503210000024,,,67.59019979999903,67.60503210000024,68.6041578000004,68.6041578000004,69.2877456999995,down,0,0.6793562999991991,None,0,signal detection dwiti,001,2026-09-28_16h31.44.129,orientation discrimination signal detection,,2026.2.3,60.117035845331515,2026-09-28 16h31.44.205755 +0530,
36,0,36,down,0,1.0840930000013032,None,0,36,0,36,0,69.30384380000032,,,69.28841449999891,69.30384380000032,70.3030404000001,70.3030404000001,71.40271620000021,down,0,1.0840930000013032,None,0,signal detection dwiti,001,2026-09-28_16h31.44.129,orientation discrimination signal detection,,2026.2.3,60.117035845331515,2026-09-28 16h31.44.205755 +0530,
37,0,37,down,1,0.5573748999995587,None,-2,37,0,37,0,71.41855649999889,,,71.40343919999941,71.41855649999889,72.41790589999982,72.41790589999982,72.98442020000039,down,1,0.5573748999995587,None,-2,signal detection dwiti,001,2026-09-28_16h31.44.129,orientation discrimination signal detection,,2026.2.3,60.117035845331515,2026-09-28 16h31.44.205755 +0530,
38,0,38,down,1,0.5280802000015683,None,0,38,0,38,0,73.0004527000001,,,72.98461979999956,73.0004527000001,73.99963810000008,73.99963810000008,74.53366769999957,down,1,0.5280802000015683,None,0,signal detection dwiti,001,2026-09-28_16h31.44.129,orientation discrimination signal detection,,2026.2.3,60.117035845331515,2026-09-28 16h31.44.205755 +0530,
39,0,39,down,1,1.382931699999972,None,4,39,0,39,0,74.54939879999984,,,74.53440159999991,74.54939879999984,75.54824410000037,75.54824410000037,76.94818099999975,down,1,1.382931699999972,None,4,signal detection dwiti,001,2026-09-28_16h31.44.129,orientation discrimination signal detection,,2026.2.3,60.117035845331515,2026-09-28 16h31.44.205755 +0530,
40,0,40,up,0,1.3837808999996923,None,-4,40,0,40,0,76.96333930000037,,,76.94899859999896,76.96333930000037,77.9633845999997,77.9633845999997,79.36316590000024,up,0,1.3837808999996923,None,-4,signal detection dwiti,001,2026-09-28_16h31.44.129,orientation discrimination signal detection,,2026.2.3,60.117035845331515,2026-09-28 16h31.44.205755 +0530,
41,0,41,down,0,0.8008752999994613,None,0,41,0,41,0,79.37879099999918,,,79.36423669999931,79.37879099999918,80.37821499999882,80.37821499999882,81.19465949999903,down,0,0.8008752999994613,None,0,signal detection dwiti,001,2026-09-28_16h31.44.129,orientation discrimination signal detection,,2026.2.3,60.117035845331515,2026-09-28 16h31.44.205755 +0530,
42,0,42,down,1,0.649327600000106,None,4,42,0,42,0,81.21049920000041,,,81.19533469999988,81.21049920000041,82.20970619999935,82.20970619999935,82.8601034000003,down,1,0.649327600000106,None,4,signal detection dwiti,001,2026-09-28_16h31.44.129,orientation discrimination signal detection,,2026.2.3,60.117035845331515,2026-09-28 16h31.44.205755 +0530,
43,0,43,down,0,0.6782535999991524,None,0,43,0,43,0,82.87572929999988,,,82.86066599999867,82.87572929999988,83.87495399999898,83.87495399999898,84.55848390000028,down,0,0.6782535999991524,None,0,signal detection dwiti,001,2026-09-28_16h31.44.129,orientation discrimination signal detection,,2026.2.3,60.117035845331515,2026-09-28 16h31.44.205755 +0530,
44,0,44,down,1,1.0894797000000835,None,0,44,0,44,0,84.57428729999992,,,84.55910330000006,84.57428729999992,85.57348079999974,85.57348079999974,86.67370619999929,down,1,1.0894797000000835,None,0,signal detection dwiti,001,2026-09-28_16h31.44.129,orientation discrimination signal detection,,2026.2.3,60.117035845331515,2026-09-28 16h31.44.205755 +0530,
45,0,45,down,0,1.8548840999992535,None,0,45,0,45,0,86.6894558999993,,,86.67429259999881,86.6894558999993,87.68845329999931,87.68845329999931,89.55443190000005,down,0,1.8548840999992535,None,0,signal detection dwiti,001,2026-09-28_16h31.44.129,orientation discrimination signal detection,,2026.2.3,60.117035845331515,2026-09-28 16h31.44.205755 +0530,
46,0,46,down,0,0.7400482000011834,None,0,46,0,46,0,89.57018419999986,,,89.55503539999881,89.57018419999986,90.56934840000031,90.56934840000031,91.31972609999866,down,0,0.7400482000011834,None,0,signal detection dwiti,001,2026-09-28_16h31.44.129,orientation discrimination signal detection,,2026.2.3,60.117035845331515,2026-09-28 16h31.44.205755 +0530,
47,0,47,down,0,0.8222261999999319,None,0,47,0,47,0,91.3352947000003,,,91.32038149999971,91.3352947000003,92.33506680000028,92.33506680000028,93.16842980000001,down,0,0.8222261999999319,None,0,signal detection dwiti,001,2026-09-28_16h31.44.129,orientation discrimination signal detection,,2026.2.3,60.117035845331515,2026-09-28 16h31.44.205755 +0530,
48,0,48,up,0,0.7981641000005766,None,-2,48,0,48,0,93.18376509999871,,,93.16908859999967,93.18376509999871,94.19962519999899,94.18289509999886,94.98391019999872,up,0,0.7981641000005766,None,-2,signal detection dwiti,001,2026-09-28_16h31.44.129,orientation discrimination signal detection,,2026.2.3,60.117035845331515,2026-09-28 16h31.44.205755 +0530,
49,0,49,up,1,1.1888729000002058,None,0,49,0,49,0,94.99974709999879,,,94.98453549999977,94.99974709999879,96.01519929999995,95.9983828000004,97.1983180999996,up,1,1.1888729000002058,None,0,signal detection dwiti,001,2026-09-28_16h31.44.129,orientation discrimination signal detection,,2026.2.3,60.117035845331515,2026-09-28 16h31.44.205755 +0530,
50,0,50,up,1,0.6462497000011354,None,0,50,0,50,0,97.2138116999995,,,97.19890750000013,97.2138116999995,98.21305070000017,98.21305070000017,98.86327109999911,up,1,0.6462497000011354,None,0,signal detection dwiti,001,2026-09-28_16h31.44.129,orientation discrimination signal detection,,2026.2.3,60.117035845331515,2026-09-28 16h31.44.205755 +0530,
51,0,51,up,1,0.7724598000004335,None,0,51,0,51,0,98.87921199999982,,,98.86384999999973,98.87921199999982,99.87876499999948,99.87876499999948,100.66213789999892,up,1,0.7724598000004335,None,0,signal detection dwiti,001,2026-09-28_16h31.44.129,orientation discrimination signal detection,,2026.2.3,60.117035845331515,2026-09-28 16h31.44.205755 +0530,
52,0,52,up,1,0.5662161000000197,None,0,52,0,52,0,100.67812369999956,,,100.66271029999916,100.67812369999956,101.69348949999949,101.67677919999915,102.24397089999911,up,1,0.5662161000000197,None,0,signal detection dwiti,001,2026-09-28_16h31.44.129,orientation discrimination signal detection,,2026.2.3,60.117035845331515,2026-09-28 16h31.44.205755 +0530,
53,0,53,down,1,0.5085651000008511,None,-5,53,0,53,0,102.2596168,,,102.24476820000018,102.2596168,103.25886509999873,103.25886509999873,103.77587829999902,down,1,0.5085651000008511,None,-5,signal detection dwiti,001,2026-09-28_16h31.44.129,orientation discrimination signal detection,,2026.2.3,60.117035845331515,2026-09-28 16h31.44.205755 +0530,
54,0,54,down,0,1.006294999999227,None,0,54,0,54,0,103.79188459999932,,,103.7764489000001,103.79188459999932,104.79103829999985,104.79103829999985,105.80763429999934,down,0,1.006294999999227,None,0,signal detection dwiti,001,2026-09-28_16h31.44.129,orientation discrimination signal detection,,2026.2.3,60.117035845331515,2026-09-28 16h31.44.205755 +0530,
55,0,55,down,0,0.8764236999995774,None,0,55,0,55,0,105.8235425999992,,,105.80820700000004,105.8235425999992,106.82285959999899,106.82285959999899,107.70624999999927,down,0,0.8764236999995774,None,0,signal detection dwiti,001,2026-09-28_16h31.44.129,orientation discrimination signal detection,,2026.2.3,60.117035845331515,2026-09-28 16h31.44.205755 +0530,
56,0,56,down,1,0.641831099999763,None,-5,56,0,56,0,107.72199809999984,,,107.70688390000032,107.72199809999984,108.72119810000004,108.72119810000004,109.37159649999921,down,1,0.641831099999763,None,-5,signal detection dwiti,001,2026-09-28_16h31.44.129,orientation discrimination signal detection,,2026.2.3,60.117035845331515,2026-09-28 16h31.44.205755 +0530,
57,0,57,down,1,0.6566550999996252,None,-1,57,0,57,0,109.38725460000023,,,109.37246799999957,109.38725460000023,110.38667609999902,110.38667609999902,111.0536116000003,down,1,0.6566550999996252,None,-1,signal detection dwiti,001,2026-09-28_16h31.44.129,orientation discrimination signal detection,,2026.2.3,60.117035845331515,2026-09-28 16h31.44.205755 +0530,
58,0,58,down,0,0.7746863000011217,None,0,58,0,58,0,111.0692313999989,,,111.05427459999919,111.0692313999989,112.06847579999885,112.06847579999885,112.85204859999976,down,0,0.7746863000011217,None,0,signal detection dwiti,001,2026-09-28_16h31.44.129,orientation discrimination signal detection,,2026.2.3,60.117035845331515,2026-09-28 16h31.44.205755 +0530,
59,0,59,up,1,0.7643117000006896,None,0,59,0,59,0,112.86806979999892,,,112.85252690000016,112.86806979999892,113.88355939999929,113.86670609999965,114.63382599999932,up,1,0.7643117000006896,None,0,signal detection dwiti,001,2026-09-28_16h31.44.129,orientation discrimination signal detection,,2026.2.3,60.117035845331515,2026-09-28 16h31.44.205755 +0530,
60,0,60,up,1,1.0627079999994749,None,0,60,0,60,0,114.64961369999946,,,114.63448959999914,114.64961369999946,115.64884729999903,115.64884729999903,116.71524750000026,up,1,1.0627079999994749,None,0,signal detection dwiti,001,2026-09-28_16h31.44.129,orientation discrimination signal detection,,2026.2.3,60.117035845331515,2026-09-28 16h31.44.205755 +0530,
61,0,61,down,1,0.7104684000005363,None,-3,61,0,61,0,116.73101429999952,,,116.7158989999989,116.73101429999952,117.73055749999912,117.73055749999912,118.44757509999909,down,1,0.7104684000005363,None,-3,signal detection dwiti,001,2026-09-28_16h31.44.129,orientation discrimination signal detection,,2026.2.3,60.117035845331515,2026-09-28 16h31.44.205755 +0530,
62,0,62,up,1,0.7630472000000736,None,0,62,0,62,0,118.46291889999884,,,118.44817789999979,118.46291889999884,119.46234489999915,119.46234489999915,120.22910459999912,up,1,0.7630472000000736,None,0,signal detection dwiti,001,2026-09-28_16h31.44.129,orientation discrimination signal detection,,2026.2.3,60.117035845331515,2026-09-28 16h31.44.205755 +0530,
63,0,63,up,0,0.8410268999996333,None,3,63,0,63,0,120.24491189999935,,,120.22974109999996,120.24491189999935,121.24424410000029,121.24424410000029,122.09445989999949,up,0,0.8410268999996333,None,3,signal detection dwiti,001,2026-09-28_16h31.44.129,orientation discrimination signal detection,,2026.2.3,60.117035845331515,2026-09-28 16h31.44.205755 +0530,
64,0,64,up,0,0.6664278999996895,None,4,64,0,64,0,122.10971079999945,,,122.09508300000016,122.10971079999945,123.10867679999865,123.10867679999865,123.77621809999982,up,0,0.6664278999996895,None,4,signal detection dwiti,001,2026-09-28_16h31.44.129,orientation discrimination signal detection,,2026.2.3,60.117035845331515,2026-09-28 16h31.44.205755 +0530,
65,0,65,down,0,0.7899835000007442,None,0,65,0,65,0,123.7918625000002,,,123.7767786000004,123.7918625000002,124.7913795000004,124.7913795000004,125.5914929999999,down,0,0.7899835000007442,None,0,signal detection dwiti,001,2026-09-28_16h31.44.129,orientation discrimination signal detection,,2026.2.3,60.117035845331515,2026-09-28 16h31.44.205755 +0530,
66,0,66,down,1,0.7983949000008579,None,-3,66,0,66,0,125.60727589999988,,,125.5921402999993,125.60727589999988,126.6064953999994,126.6064953999994,127.40628769999967,down,1,0.7983949000008579,None,-3,signal detection dwiti,001,2026-09-28_16h31.44.129,orientation discrimination signal detection,,2026.2.3,60.117035845331515,2026-09-28 16h31.44.205755 +0530,
67,0,67,down,0,0.7150906000006216,None,0,67,0,67,0,127.42219469999873,,,127.40648479999982,127.42219469999873,128.4217152000001,128.4217152000001,129.13765520000015,down,0,0.7150906000006216,None,0,signal detection dwiti,001,2026-09-28_16h31.44.129,orientation discrimination signal detection,,2026.2.3,60.117035845331515,2026-09-28 16h31.44.205755 +0530,
68,0,68,up,0,0.7402118000009068,None,-4,68,0,68,0,129.15380220000043,,,129.13788659999955,129.15380220000043,130.1529627,130.13685179999993,130.88721619999887,up,0,0.7402118000009068,None,-4,signal detection dwiti,001,2026-09-28_16h31.44.129,orientation discrimination signal detection,,2026.2.3,60.117035845331515,2026-09-28 16h31.44.205755 +0530,
69,0,69,up,0,0.6233427999995911,None,-5,69,0,69,0,130.90265360000012,,,130.8878420000001,130.90265360000012,131.9018562000001,131.9018562000001,132.53573599999982,up,0,0.6233427999995911,None,-5,signal detection dwiti,001,2026-09-28_16h31.44.129,orientation discrimination signal detection,,2026.2.3,60.117035845331515,2026-09-28 16h31.44.205755 +0530,
70,0,70,down,0,0.6582287000001088,None,0,70,0,70,0,132.55143589999898,,,132.5363030999997,132.55143589999898,133.55082169999878,133.55082169999878,134.21708939999917,down,0,0.6582287000001088,None,0,signal detection dwiti,001,2026-09-28_16h31.44.129,orientation discrimination signal detection,,2026.2.3,60.117035845331515,2026-09-28 16h31.44.205755 +0530,
71,0,71,up,1,1.008342700000867,None,0,71,0,71,0,134.2332996999994,,,134.21733089999907,134.2332996999994,135.2493357000003,135.2324680999991,136.2486630000003,up,1,1.008342700000867,None,0,signal detection dwiti,001,2026-09-28_16h31.44.129,orientation discrimination signal detection,,2026.2.3,60.117035845331515,2026-09-28 16h31.44.205755 +0530,
72,0,72,up,0,0.6084023999992496,None,0,72,0,72,0,136.26512530000036,,,136.24903689999883,136.26512530000036,137.26458540000021,137.26458540000021,137.8809086000001,up,0,0.6084023999992496,None,0,signal detection dwiti,001,2026-09-28_16h31.44.129,orientation discrimination signal detection,,2026.2.3,60.117035845331515,2026-09-28 16h31.44.205755 +0530,
73,0,73,down,0,0.9270606000009138,None,0,73,0,73,0,137.89724430000024,,,137.88135539999894,137.89724430000024,138.91303510000034,138.89624679999906,139.82979109999906,down,0,0.9270606000009138,None,0,signal detection dwiti,001,2026-09-28_16h31.44.129,orientation discrimination signal detection,,2026.2.3,60.117035845331515,2026-09-28 16h31.44.205755 +0530,
74,0,74,down,1,0.7904431000006298,None,2,74,0,74,0,139.8457043999988,,,139.83044869999867,139.8457043999988,140.86135789999935,140.84449250000034,141.6448349000002,down,1,0.7904431000006298,None,2,signal detection dwiti,001,2026-09-28_16h31.44.129,orientation discrimination signal detection,,2026.2.3,60.117035845331515,2026-09-28 16h31.44.205755 +0530,
75,0,75,up,1,0.7772423000005801,None,0,75,0,75,0,141.6606316999987,,,141.64556300000004,141.6606316999987,142.6599656999988,142.6599656999988,143.44375919999948,up,1,0.7772423000005801,None,0,signal detection dwiti,001,2026-09-28_16h31.44.129,orientation discrimination signal detection,,2026.2.3,60.117035845331515,2026-09-28 16h31.44.205755 +0530,
76,0,76,down,0,0.9064526000001933,None,0,76,0,76,0,143.45931579999888,,,143.44442069999968,143.45931579999888,144.45861299999888,144.45861299999888,145.3747174,down,0,0.9064526000001933,None,0,signal detection dwiti,001,2026-09-28_16h31.44.129,orientation discrimination signal detection,,2026.2.3,60.117035845331515,2026-09-28 16h31.44.205755 +0530,
77,0,77,down,0,0.9068354999999428,None,0,77,0,77,0,145.39084159999948,,,145.37518259999888,145.39084159999948,146.39036080000005,146.39036080000005,147.3071390999994,down,0,0.9068354999999428,None,0,signal detection dwiti,001,2026-09-28_16h31.44.129,orientation discrimination signal detection,,2026.2.3,60.117035845331515,2026-09-28 16h31.44.205755 +0530,
78,0,78,down,0,0.9045784999998432,None,0,78,0,78,0,147.32254009999997,,,147.30771619999905,147.32254009999997,148.3218778999999,148.3218778999999,149.23799679999865,down,0,0.9045784999998432,None,0,signal detection dwiti,001,2026-09-28_16h31.44.129,orientation discrimination signal detection,,2026.2.3,60.117035845331515,2026-09-28 16h31.44.205755 +0530,
79,0,79,up,0,0.5993336000010459,None,4,79,0,79,0,149.25410779999947,,,149.23828049999975,149.25410779999947,150.2535031999996,150.2535031999996,150.8542813999993,up,0,0.5993336000010459,None,4,signal detection dwiti,001,2026-09-28_16h31.44.129,orientation discrimination signal detection,,2026.2.3,60.117035845331515,2026-09-28 16h31.44.205755 +0530,
80,0,80,down,1,0.6897891999997228,None,-1,80,0,80,0,150.86996069999987,,,150.85491229999934,150.86996069999987,151.86900419999984,151.86900419999984,152.56931379999878,down,1,0.6897891999997228,None,-1,signal detection dwiti,001,2026-09-28_16h31.44.129,orientation discrimination signal detection,,2026.2.3,60.117035845331515,2026-09-28 16h31.44.205755 +0530,
81,0,81,down,1,1.0952101000002585,None,0,81,0,81,0,152.58507089999875,,,152.56997909999882,152.58507089999875,153.5841547,153.5841547,154.68469000000005,down,1,1.0952101000002585,None,0,signal detection dwiti,001,2026-09-28_16h31.44.129,orientation discrimination signal detection,,2026.2.3,60.117035845331515,2026-09-28 16h31.44.205755 +0530,
82,0,82,down,0,0.6038210999995499,None,0,82,0,82,0,154.6994391999997,,,154.68542809999963,154.6994391999997,155.69924679999895,155.69924679999895,156.31633369999872,down,0,0.6038210999995499,None,0,signal detection dwiti,001,2026-09-28_16h31.44.129,orientation discrimination signal detection,,2026.2.3,60.117035845331515,2026-09-28 16h31.44.205755 +0530,
83,0,83,down,0,0.7456580000016402,None,0,83,0,83,0,156.3319663000002,,,156.3169297000004,156.3319663000002,157.33119739999893,157.33119739999893,158.08105439999963,down,0,0.7456580000016402,None,0,signal detection dwiti,001,2026-09-28_16h31.44.129,orientation discrimination signal detection,,2026.2.3,60.117035845331515,2026-09-28 16h31.44.205755 +0530,
84,0,84,down,1,0.6643050000002404,None,0,84,0,84,0,158.09703139999874,,,158.08168579999983,158.09703139999874,159.09650679999868,159.09650679999868,159.76299579999977,down,1,0.6643050000002404,None,0,signal detection dwiti,001,2026-09-28_16h31.44.129,orientation discrimination signal detection,,2026.2.3,60.117035845331515,2026-09-28 16h31.44.205755 +0530,
85,0,85,down,0,0.7326730999993742,None,0,85,0,85,0,159.77911979999953,,,159.76359909999883,159.77911979999953,160.7783557999992,160.7783557999992,161.51197049999973,down,0,0.7326730999993742,None,0,signal detection dwiti,001,2026-09-28_16h31.44.129,orientation discrimination signal detection,,2026.2.3,60.117035845331515,2026-09-28 16h31.44.205755 +0530,
86,0,86,down,0,1.2581951999982266,None,0,86,0,86,0,161.52758969999923,,,161.51253039999938,161.52758969999923,162.52692319999915,162.52692319999915,163.79340520000005,down,0,1.2581951999982266,None,0,signal detection dwiti,001,2026-09-28_16h31.44.129,orientation discrimination signal detection,,2026.2.3,60.117035845331515,2026-09-28 16h31.44.205755 +0530,
87,0,87,down,0,0.6568792000016401,None,0,87,0,87,0,163.80907999999908,,,163.7939914999988,163.80907999999908,164.8082833999997,164.8082833999997,165.47524390000035,down,0,0.6568792000016401,None,0,signal detection dwiti,001,2026-09-28_16h31.44.129,orientation discrimination signal detection,,2026.2.3,60.117035845331515,2026-09-28 16h31.44.205755 +0530,
88,0,88,up,0,1.356465400000161,None,2,88,0,88,0,165.49083379999865,,,165.47587769999882,165.49083379999865,166.49072129999877,166.49072129999877,167.8567750000002,up,0,1.356465400000161,None,2,signal detection dwiti,001,2026-09-28_16h31.44.129,orientation discrimination signal detection,,2026.2.3,60.117035845331515,2026-09-28 16h31.44.205755 +0530,
89,0,89,down,0,0.8534479999998439,None,0,89,0,89,0,167.87220499999967,,,167.85737940000035,167.87220499999967,168.8716661999988,168.8716661999988,169.73867959999916,down,0,0.8534479999998439,None,0,signal detection dwiti,001,2026-09-28_16h31.44.129,orientation discrimination signal detection,,2026.2.3,60.117035845331515,2026-09-28 16h31.44.205755 +0530,
90,0,90,down,0,0.7237542000002577,None,0,90,0,90,0,169.75411480000002,,,169.7393446999995,169.75411480000002,170.75335859999905,170.75335859999905,171.48715569999877,down,0,0.7237542000002577,None,0,signal detection dwiti,001,2026-09-28_16h31.44.129,orientation discrimination signal detection,,2026.2.3,60.117035845331515,2026-09-28 16h31.44.205755 +0530,
91,0,91,up,0,0.7472605000002659,None,1,91,0,91,0,171.50254949999908,,,171.48779589999867,171.50254949999908,172.50201509999897,172.50201509999897,173.25246049999987,up,0,0.7472605000002659,None,1,signal detection dwiti,001,2026-09-28_16h31.44.129,orientation discrimination signal detection,,2026.2.3,60.117035845331515,2026-09-28 16h31.44.205755 +0530,
92,0,92,up,0,0.6654660999993212,None,-3,92,0,92,0,173.26777519999996,,,173.25308740000037,173.26777519999996,174.2673407000002,174.2673407000002,174.9340873000001,up,0,0.6654660999993212,None,-3,signal detection dwiti,001,2026-09-28_16h31.44.129,orientation discrimination signal detection,,2026.2.3,60.117035845331515,2026-09-28 16h31.44.205755 +0530,
93,0,93,up,0,0.7919807999987825,None,-1,93,0,93,0,174.94999869999992,,,174.93477879999955,174.94999869999992,175.94914549999885,175.94914549999885,176.74933039999996,up,0,0.7919807999987825,None,-1,signal detection dwiti,001,2026-09-28_16h31.44.129,orientation discrimination signal detection,,2026.2.3,60.117035845331515,2026-09-28 16h31.44.205755 +0530,
94,0,94,down,1,0.7643919000001915,None,2,94,0,94,0,176.76490290000038,,,176.74995080000008,176.76490290000038,177.76443759999893,177.76443759999893,178.5313546999987,down,1,0.7643919000001915,None,2,signal detection dwiti,001,2026-09-28_16h31.44.129,orientation discrimination signal detection,,2026.2.3,60.117035845331515,2026-09-28 16h31.44.205755 +0530,
95,0,95,up,1,0.9490772999997716,None,0,95,0,95,0,178.5469854999992,,,178.53194059999987,178.5469854999992,179.5622561,179.54556609999963,180.4951256000004,up,1,0.9490772999997716,None,0,signal detection dwiti,001,2026-09-28_16h31.44.129,orientation discrimination signal detection,,2026.2.3,60.117035845331515,2026-09-28 16h31.44.205755 +0530,
96,0,96,down,0,0.8140320000002248,None,0,96,0,96,0,180.51146940000035,,,180.49530810000033,180.51146940000035,181.5114470999997,181.49450989999968,182.31086379999942,down,0,0.8140320000002248,None,0,signal detection dwiti,001,2026-09-28_16h31.44.129,orientation discrimination signal detection,,2026.2.3,60.117035845331515,2026-09-28 16h31.44.205755 +0530,
97,0,97,down,1,0.9509323999991466,None,4,97,0,97,0,182.32684179999887,,,182.31118049999895,182.32684179999887,183.32604919999903,183.32604919999903,184.29245189999892,down,1,0.9509323999991466,None,4,signal detection dwiti,001,2026-09-28_16h31.44.129,orientation discrimination signal detection,,2026.2.3,60.117035845331515,2026-09-28 16h31.44.205755 +0530,
98,0,98,up,0,0.9221856000003754,None,2,98,0,98,0,184.30880629999956,,,184.29265379999924,184.30880629999956,185.3241822,185.29101679999985,186.2251980000001,up,0,0.9221856000003754,None,2,signal detection dwiti,001,2026-09-28_16h31.44.129,orientation discrimination signal detection,,2026.2.3,60.117035845331515,2026-09-28 16h31.44.205755 +0530,
99,0,99,down,0,0.7711749999998574,None,0,99,0,99,0,186.24071249999906,,,186.22584089999873,186.24071249999906,187.23997039999995,187.23997039999995,188.023529099999,down,0,0.7711749999998574,None,0,signal detection dwiti,001,2026-09-28_16h31.44.129,orientation discrimination signal detection,,2026.2.3,60.117035845331515,2026-09-28 16h31.44.205755 +0530,
